id,created_at,location,tweet_text,retweet_count,hashtags
1275755280140296193,2020-06-24 11:38:55,,quando nÃ£o souber o que pedir peÃ§a felicidade,0,[]
1275755275388104706,2020-06-24 11:38:54,,"RT @LIN0ART: O Felix gosta que chamem ele de sol, seu apelido Ã© Haengbok que quer dizer felicidade, seu nome em inglÃªs significa ""uma fonteâ€¦",105,[]
1275755270937993217,2020-06-24 11:38:53,â„ğ‘œğ‘ğ‘’ ğ‘¤ğ‘œğ‘Ÿğ‘™ğ‘‘ ot7,"RT @poxaasi: aÃ­ mano eu amo tanto o hobi que me doe, ver ele sorrindo, brincando, fazendo coisas que ele gosta Ã© a minha felicidade pq eleâ€¦",54,[]
1275755252768219136,2020-06-24 11:38:49,hell,"RT @LIN0ART: O Felix gosta que chamem ele de sol, seu apelido Ã© Haengbok que quer dizer felicidade, seu nome em inglÃªs significa ""uma fonteâ€¦",105,[]
1275755252675993600,2020-06-24 11:38:49,,"-âš“A felicidade Ã© a prova de que a gente nÃ£o vive em vÃ£o: -esqueÃ§a as tristezas; -lute pela vida; -ame quem te ama; -valorize quem te merece E demonstre a vocÃª mesmo que vocÃª Ã© forte pois o mundo Ã© um jogo, viver Ã© uma regra e desistir nÃ£o Ã© a soluÃ§Ã£o.â¤ğŸ˜ŠâœŒğŸƒâš“  -âš“Bom diağŸŒ¤ï¸",0,[]
1275755249240768513,2020-06-24 11:38:48,"Londrina, Brasil","Ã© surreal como uma pessoa do outro lado do mundo que nem sabe da minha existÃªncia pode me deixar tÃ£o bem veir... claro que Ã© momentaneo, mas espero que nÃ£o seja, pq Ã© mt bom sentir felicidade em coisas pequenas.",0,[]
1275755246317383681,2020-06-24 11:38:47,,"RT @poxaasi: aÃ­ mano eu amo tanto o hobi que me doe, ver ele sorrindo, brincando, fazendo coisas que ele gosta Ã© a minha felicidade pq eleâ€¦",54,[]
1275755234829221888,2020-06-24 11:38:45,MAFE,"Bom dia! Ah saudades de quando os ""fÃ£s"" torciam pela felicidade do Ã­dolo INDEPENDENTE se gosta do namorado/marido ou nÃ£o...",0,[]
1275755223198416898,2020-06-24 11:38:42,.,"RT @freeOrochi: Corra o risco. Se der certo, felicidade. Se nÃ£o, sabedoria.",4588,[]
1275755193620201473,2020-06-24 11:38:35,"Forks, WA",@Pattinsonstuff ParabÃ©ns mo! Toda felicidade do mundo pra ti â¤ï¸â¤ï¸,0,[]
1275755191992758272,2020-06-24 11:38:34,"Rio de Janeiro, Brasil","RT @FLeal22: Caralho, olha o semblante de felicidade ao conquistar o ""bÃ¡sico"" pra sobreviver. Meu Deus, pq eu reclamo tanto... ğŸ˜­ğŸ˜­",670,[]
1275755179950964737,2020-06-24 11:38:31,Atlanta,"RT @FLeal22: Caralho, olha o semblante de felicidade ao conquistar o ""bÃ¡sico"" pra sobreviver. Meu Deus, pq eu reclamo tanto... ğŸ˜­ğŸ˜­",670,[]
1275755167288262658,2020-06-24 11:38:28,BrasÃ­lia,"RT @moFitaz: Poder ver a felicidade dela e dessas 2 crianÃ§as ao ter alimento na mesa, foi sem duvidas gratificante, ouvir o garoto gritandoâ€¦",248,[]
1275755159340158976,2020-06-24 11:38:27,,"RT @freeOrochi: Corra o risco. Se der certo, felicidade. Se nÃ£o, sabedoria.",4588,[]
1275755154357223424,2020-06-24 11:38:25,,"@QuebrandoOTabu A pessoa deve procurar sua felicidade, viver dignamente e ser respeitada por isso, seja homo, hetero, lgbtqqq essas coisas aÃ­. Temos que buscar racionalmente leis que punam severamente qualquer tipo de violÃªncia e de intolerÃ¢ncia, mas de qualquer lado.",0,[]
1275755125655719936,2020-06-24 11:38:18,"Sintra, Portugal","RT @JoanaRachao: Nunca deixem que a vossa felicidade dependa de alguÃ©m , especialmente daquelas pessoas que vos dao 0 enquanto vcs dÃ£o 100â€¦",427,[]
1275755123231391745,2020-06-24 11:38:18,Brasil,"Eu sei que tem muita gente desempregada e que sair de um emprego nÃ£o deveria ser motivo de felicidade. Pelo lado financeiro nunca Ã©, mas algo que estava acabando com minha saÃºde pelo elevado nÃ­vel de estresse? Melhor coisa que eu fiz foi pedir demissÃ£o.",0,[]
1275755118982504449,2020-06-24 11:38:17,190915 | á´¢Êœá´€É´É¢ ÊÉªxÉªÉ´É¢â™¡ | ã„´ã„´ã„±,bom dia famÃ­lia! felicidade! hoje Ã© quarta-feira dia de vÃ­deo no NNG,0,[]
1275755097792958464,2020-06-24 11:38:12,,RT @omusojoao: â€œdinheiro n compra felicidadeâ€  sÃ³ se vc n souber gastar,197,[]
1275755096542973952,2020-06-24 11:38:12,,"RT @Soupluraledemo1: E o homem nem fala em se candidatar. Imaginem qdo ele disser: ""Se Ã© para o bem de todos e a felicidade geral da naÃ§Ã£o""â€¦",22,[]
1275755067354857473,2020-06-24 11:38:05,,"RT @freeOrochi: Corra o risco. Se der certo, felicidade. Se nÃ£o, sabedoria.",4588,[]
1275755066927067138,2020-06-24 11:38:04,,"A sensaÃ§Ã£o de ver a felicidade da minha mÃ£e ao ganhar o presente de aniversÃ¡rio que ela queria, me faz querer trabalhar ainda mais para comprar tudo do bom e do melhor pra elaâ™¥ï¸ https://t.co/iv8XAPvJAU",0,[]
1275755062309027842,2020-06-24 11:38:03,,"9 dias f1 voltar, puta que pariu pensa na felicidade https://t.co/0DAjJaF52W",0,[]
1275755061981970436,2020-06-24 11:38:03,,"RT @soulanja: Hoje, aos 35 anos chorei por uma hora de felicidade, por ter feito as compras que sempre sonhei dar pra minha mÃ£e, e paguei câ€¦",111,[]
1275755052234391552,2020-06-24 11:38:01,Davi Richard â¤ï¸,"RT @daniel12fml: Queria poder postar algumas coisas, mas aprendi na pele que felicidade se vive baixinho ğŸ¤",1,[]
1275755043845820416,2020-06-24 11:37:59,Longe de toda negatividade âœŒğŸ»,"RT @freeOrochi: Corra o risco. Se der certo, felicidade. Se nÃ£o, sabedoria.",4588,[]
1275755010849230850,2020-06-24 11:37:51,ğŸŠ,"RT @freeOrochi: Corra o risco. Se der certo, felicidade. Se nÃ£o, sabedoria.",4588,[]
1275754990724771840,2020-06-24 11:37:46,icon: the doctors are out,nesse livro a gente nÃ£o tem um momento de felicidade que dure nÃ© acho engraÃ§ado,0,[]
1275754982227226629,2020-06-24 11:37:44,"Aveiro, Portugal",RT @TjiPereira: Mais uma para vossa felicidade https://t.co/e3oAFLlhJT,3,[]
1275754971833794560,2020-06-24 11:37:42,,"RT @poxaasi: aÃ­ mano eu amo tanto o hobi que me doe, ver ele sorrindo, brincando, fazendo coisas que ele gosta Ã© a minha felicidade pq eleâ€¦",54,[]
1275754958395256833,2020-06-24 11:37:39,"Sao Paulo, Brazil",RT @crisayonara: o bom da expressÃ£o â€œaaaaâ€ Ã© que serve para qualquer situaÃ§Ã£o  felicidade: AAAAAAAAAA tristeza: aaaaa :( nÃ£o sabe o que dizâ€¦,2020,[]
1275754952183422977,2020-06-24 11:37:37,"Nova IguaÃ§u, RJ",Lembre-se que hoje vocÃª tem a chance de fazer diferente. O seu sucesso e a sua felicidade dependem das suas escolhas,0,[]
1275754945464225798,2020-06-24 11:37:36,,"RT @LIN0ART: O Felix gosta que chamem ele de sol, seu apelido Ã© Haengbok que quer dizer felicidade, seu nome em inglÃªs significa ""uma fonteâ€¦",105,[]
1275754934256926721,2020-06-24 11:37:33,"SÃ£o Mateus, Brasil","RT @freeOrochi: Corra o risco. Se der certo, felicidade. Se nÃ£o, sabedoria.",4588,[]
1275754930645630978,2020-06-24 11:37:32,"Saquarema, Brasil","Expor a felicidade demais pra atingir alguÃ©m Ã© desespero, quem tÃ¡ bem de verdade nÃ£o precisa provar nada pra ninguÃ©m.ğŸ¤",0,[]
1275754903995142144,2020-06-24 11:37:26,,"""O consumismo Ã© muito mais fonte de infelicidade do que de felicidade. O prazer trazido Ã© efÃªmero, uma bolha de sabÃ£o â€“ e em seguida vem outro desejo. Ele gera vaidade, inveja, uma sÃ©rieâ€¦ https://t.co/SY5WjulmPO",0,[]
1275754887662522368,2020-06-24 11:37:22,meuğŸ’œ sempre serÃ¡ o seu altar.,"RT @Thaylanaa_: a cara dela de felicidadeğŸ˜ğŸ˜ğŸ˜ğŸ˜â¤â¤â¤â¤â¤ aaaah, meus olhos enxeram d'agua..... ainda existe pessoas boasâ¤â¤â¤â¤â¤",15,[]
1275754869899616257,2020-06-24 11:37:18,Complexo da MarÃ©.,Felicidade exposta e vitrine pra inveja!ğŸ˜‰ğŸ£â˜ï¸,0,[]
1275754859531288579,2020-06-24 11:37:15,"Araruama, Brasil","RT @freeOrochi: Corra o risco. Se der certo, felicidade. Se nÃ£o, sabedoria.",4588,[]
1275754847753637888,2020-06-24 11:37:12,Duque de Caxias,RT @lorenaaGabriel: Sua felicidade Ã© a minha ğŸ¥°ğŸ¥°ğŸ˜ https://t.co/8NADnhlB2p,219,[]
1275754825326694401,2020-06-24 11:37:07,"GoiÃ¢nia, Brasil","RT @freeOrochi: Corra o risco. Se der certo, felicidade. Se nÃ£o, sabedoria.",4588,[]
1275754804560703489,2020-06-24 11:37:02,"Salto do Lontra, Brasil","RT @freeOrochi: Corra o risco. Se der certo, felicidade. Se nÃ£o, sabedoria.",4588,[]
1275754773896212481,2020-06-24 11:36:55,019,RT @PoesiasFR: Evito depender atÃ© da felicidade..,102,[]
1275754770712743938,2020-06-24 11:36:54,entre as nuvens e o oceano,RT @a_rhiann_a: Nunca mais vou ter que ver a minha stora de projeto na vidaaaa. LÃ¡grimas de felicidade ğŸ˜­ğŸ˜­ğŸ˜­,1,[]
1275754770687569921,2020-06-24 11:36:54,"SÃ£o GonÃ§alo, Brasil","Se vocÃª acordou mais um dia, estÃ¡ com saÃºde e sua famÃ­lia estÃ¡ bem, vocÃª nÃ£o precisa de mais nada. Seja grato por tudo, a felicidade estÃ¡ na simplicidade.",0,[]
1275754763553058818,2020-06-24 11:36:52,,"RT @tuitaamanda: eu to emocionada Ã© triste ver o jeito que eles se veem, imagina a felicidade que eles sentem ao perceberem que nÃ£o sÃ£o totâ€¦",19,[]
1275754755885801474,2020-06-24 11:36:50,"espÃ­rito santo, br.   she/her",@rosesforjodie aaaaaa que felicidade ğŸ˜,0,[]
1275754754799472640,2020-06-24 11:36:50,"GuimarÃ£es, Portugal",RT @bbeatrizfig: Acho que vou chorar de felicidade quando finalmente me vir livre dos exames fds,18,[]
1275754746763268098,2020-06-24 11:36:48,ğŸ–•ğŸ–•,"RT @AquiCapricornio: #CapricÃ³rnio O negÃ³cio Ã© arriscar. Se der certo, Ã© felicidade. Se der errado, Ã© aprendizado",68,['CapricÃ³rnio']
1275754746377392130,2020-06-24 11:36:48,ğ˜€ğ—¼ğ—»ğ—´ ğ—·ğ—¶ğ˜†ğ—®ğ—»ğ—´,to com tanta saudade do jiyang que se ele postar uma foto num espelho embaÃ§ado que nÃ£o dÃ¡ nem pra ver a cara dele direito e ainda cobrindo metade do rosto eu choro de felicidade e comemoro,0,[]
1275754740366954496,2020-06-24 11:36:47,ot7 ğŸ’œ,RT @taegisgolden: esse Ã© o Ã¡pice da minha felicidade fabricia mora aqui  https://t.co/6bMpCb5YxM,1,[]
1275754737695182849,2020-06-24 11:36:46,,"A felicidade do dia Ã©::::: todos as primeiras escolhas de palestrantes aceitarem o convite e ter como coordenador o Emilio, jÃ¡ disse que ele Ã© maravilhoso aqui ???",0,[]
1275754719533727747,2020-06-24 11:36:42,NiterÃ³i,"RT @FLeal22: Caralho, olha o semblante de felicidade ao conquistar o ""bÃ¡sico"" pra sobreviver. Meu Deus, pq eu reclamo tanto... ğŸ˜­ğŸ˜­",670,[]
1275754709723291649,2020-06-24 11:36:39,"SantarÃ©m, Brasil",RT @crisayonara: o bom da expressÃ£o â€œaaaaâ€ Ã© que serve para qualquer situaÃ§Ã£o  felicidade: AAAAAAAAAA tristeza: aaaaa :( nÃ£o sabe o que dizâ€¦,2020,[]
1275754691008348167,2020-06-24 11:36:35,,"Ã‰ uma felicidade que nÃ£o cabe dentro de mim,cada dia mais grato por tudo que tÃ¡ acontecendo!ğŸš€â¤ï¸",0,[]
1275754679855714304,2020-06-24 11:36:32, Rio Verde - GoiÃ¡s ,"RT @vctorfernand: minha mÃ£e acabou de me ligar CHORANDO e eu fiquei preocupado, ai ela me disse que estava CURADA do cÃ¢ncer, pra mim foi aâ€¦",2,[]
1275754678266052608,2020-06-24 11:36:32,ğ—¼ğ—µ ğ˜€ğ—²ğ—µğ˜‚ğ—»,por favor faÃ§am uma versÃ£o forrÃ³ do cover do jongdae preciso passar meu sÃ£o joÃ£o em felicidade,0,[]
1275754677695655937,2020-06-24 11:36:32,,"RT @FLeal22: Caralho, olha o semblante de felicidade ao conquistar o ""bÃ¡sico"" pra sobreviver. Meu Deus, pq eu reclamo tanto... ğŸ˜­ğŸ˜­",670,[]
1275754676982550528,2020-06-24 11:36:32,,"RT @soulanja: Hoje, aos 35 anos chorei por uma hora de felicidade, por ter feito as compras que sempre sonhei dar pra minha mÃ£e, e paguei câ€¦",111,[]
1275754670821171200,2020-06-24 11:36:30,westero,"RT @poxaasi: aÃ­ mano eu amo tanto o hobi que me doe, ver ele sorrindo, brincando, fazendo coisas que ele gosta Ã© a minha felicidade pq eleâ€¦",54,[]
1275754652185899008,2020-06-24 11:36:26,stream em MOTS7,O hobi Ã© pura luz nÃ© ?? NÃ£o tem como vc olhar pra ele e nÃ£o sorrir pq ele transmite uma felicidade q contagia qualquer pessoa @BTS_twt  https://t.co/JUlm7kM7Bu,0,[]
1275754651284123651,2020-06-24 11:36:25,"Belo Horizonte, Brasil",RT @tipobin: A alegria de fazer o bem Ã© a Ãºnica felicidade verdadeira.,54,[]
1275754615867400193,2020-06-24 11:36:17,,A felicidade de quem entrou em uma calÃ§a tamanho 40 ğŸ¤©,0,[]
1275754613107539968,2020-06-24 11:36:16,,"RT @FLeal22: Caralho, olha o semblante de felicidade ao conquistar o ""bÃ¡sico"" pra sobreviver. Meu Deus, pq eu reclamo tanto... ğŸ˜­ğŸ˜­",670,[]
1275754611484262400,2020-06-24 11:36:16,"Araruama, Brasil","RT @freeOrochi: Corra o risco. Se der certo, felicidade. Se nÃ£o, sabedoria.",4589,[]
1275754583491518467,2020-06-24 11:36:09,"Duque de Caxias, Rj","RT @FLeal22: Caralho, olha o semblante de felicidade ao conquistar o ""bÃ¡sico"" pra sobreviver. Meu Deus, pq eu reclamo tanto... ğŸ˜­ğŸ˜­",670,[]
1275754575128154128,2020-06-24 11:36:07,Curitiba -PR,"@gcamilo78 ParabÃ©ns querido! Que este novo ciclo seja cheio de realizaÃ§Ãµes, felicidade, sucesso! bjs",0,[]
1275754552864706561,2020-06-24 11:36:02,,"@mariiyonezaki @mariiyonezaki duas pessoas tweetando sobre felicidade acabam ficando ainda mais felizes, conheÃ§a @pequenatoddy, conversem e saiam da tristeza!",0,[]
1275754551111540738,2020-06-24 11:36:02,"Duque de Caxias, Brasil","RT @freeOrochi: Corra o risco. Se der certo, felicidade. Se nÃ£o, sabedoria.",4589,[]
1275754549257605121,2020-06-24 11:36:01,,"@KellynGleyce ParabÃ©ns amiga tudo de bom e do melhor mt saÃºde, paz, sucesso e bastante felicidade. â¤â¤ğŸ‘ğŸ»",0,[]
1275754543704354816,2020-06-24 11:36:00,na pqp,RT @positividadezin: Lembre-se que hoje vocÃª tem a chance de fazer diferente. O seu sucesso e a sua felicidade dependem das suas escolhas,47,[]
1275754543050108928,2020-06-24 11:36:00,ğŸ—½,"RT @FLeal22: Caralho, olha o semblante de felicidade ao conquistar o ""bÃ¡sico"" pra sobreviver. Meu Deus, pq eu reclamo tanto... ğŸ˜­ğŸ˜­",670,[]
1275754535714258944,2020-06-24 11:35:58,"AraranguÃ¡, Brasil","@photoindy Unir-se a vontade de Deus, assim como Jesus uniu-se a cruz num sacrifÃ­cio de amor. Seja a vida religiosa, seja a vida matrimonial, sempre haverÃ¡ sacrifÃ­cios. Mas na certeza de que: unir-se Ã  vontade de Deus, sempre haverÃ¡ de ser a mais perfeita escolha de encontro a felicidade... https://t.co/QL8YPMA895",0,[]
1275754518941184001,2020-06-24 11:35:54,SE,"obrigada por tudo! sua voz sempre toca meu coraÃ§Ã£o e conforta minha alma. chorei um pouco vendo o cover, mas foram lÃ¡grimas de felicidade. tenho tanto orgulho de vocÃª &lt;3 #VocalKingCHEN  #THANKYOUJONGDAE #EXO #ì—‘ì†Œ  @weareoneEXO",0,"['VocalKingCHEN', 'THANKYOUJONGDAE', 'EXO', 'ì—‘ì†Œ']"
1275754504101793792,2020-06-24 11:35:50,NÃ¡rnia ,"RT @freeOrochi: Corra o risco. Se der certo, felicidade. Se nÃ£o, sabedoria.",4589,[]
1275754497885814785,2020-06-24 11:35:49,Berlim,"RT @FLeal22: Caralho, olha o semblante de felicidade ao conquistar o ""bÃ¡sico"" pra sobreviver. Meu Deus, pq eu reclamo tanto... ğŸ˜­ğŸ˜­",670,[]
1275754493444075521,2020-06-24 11:35:48,"Porto, Portugal","RT @freeOrochi: Corra o risco. Se der certo, felicidade. Se nÃ£o, sabedoria.",4589,[]
1275754487894937600,2020-06-24 11:35:46,"SÃ£o Paulo, Brasil","RT @freeOrochi: Corra o risco. Se der certo, felicidade. Se nÃ£o, sabedoria.",4589,[]
1275754466256584704,2020-06-24 11:35:41,Cpx da penha,"RT @freeOrochi: Corra o risco. Se der certo, felicidade. Se nÃ£o, sabedoria.",4589,[]
1275754458023157760,2020-06-24 11:35:39,NY,"RT @FLeal22: Caralho, olha o semblante de felicidade ao conquistar o ""bÃ¡sico"" pra sobreviver. Meu Deus, pq eu reclamo tanto... ğŸ˜­ğŸ˜­",670,[]
1275754454273400833,2020-06-24 11:35:38,,"RT @soulanja: Hoje, aos 35 anos chorei por uma hora de felicidade, por ter feito as compras que sempre sonhei dar pra minha mÃ£e, e paguei câ€¦",111,[]
1275754441048817664,2020-06-24 11:35:35,,"RT @freeOrochi: Corra o risco. Se der certo, felicidade. Se nÃ£o, sabedoria.",4589,[]
1275754430340661248,2020-06-24 11:35:33,,"RT @freeOrochi: Corra o risco. Se der certo, felicidade. Se nÃ£o, sabedoria.",4589,[]
1275754429199929345,2020-06-24 11:35:32,NÃ¡rnia,"â€œA cada dia que vivo, mais me convenÃ§o de que o desperdÃ­cio da vida estÃ¡ no amor que nÃ£o damos, nas forÃ§as que nÃ£o usamos, na prudÃªncia egoÃ­sta que nada arrisca e que,Â esquivando-nos do sofrimento, perdemos tambÃ©m a felicidade.â€Â  â€“ Mary Cholmondeley #QuartaLobosSDV",0,['QuartaLobosSDV']
1275754420563783681,2020-06-24 11:35:30,Freguesia ,"RT @Jeffers74418347: Boa noite aos meus possÃ­veis novos clientes e aos antigos clientes, com imensa felicidade venho comunicar vcs que estoâ€¦",52,[]
1275754390935212032,2020-06-24 11:35:23,,@Micadiazpqok ParabÃ©ns muitas felicidade,0,[]
1275754375248478208,2020-06-24 11:35:20,,"RT @freeOrochi: Corra o risco. Se der certo, felicidade. Se nÃ£o, sabedoria.",4589,[]
1275754373566599169,2020-06-24 11:35:19,"Santa Catarina, Brasil",RT @daaripereira: A felicidade dela ğŸ˜ğŸ¤¤ q coisa maiss lindaa,1,[]
1275754367791116288,2020-06-24 11:35:18,"Rio de Janeiro, Brasil","Cada novo dia Ã© uma dÃ¡diva especial para vocÃª ser feliz .... receba ... sorria ... acredite ... o dom da felicidade estÃ¡ dentro do seu coraÃ§Ã£o .... que Deus abenÃ§oe nosso dia, seguimos fortes ğŸ‘ğŸ»ğŸ‘ğŸ»ğŸ‘ğŸ»ğŸ™ŒğŸ»ğŸ™ŒğŸ»ğŸ™ŒğŸ»ğŸ™ŒğŸ»ğŸ’ªğŸ»ğŸ’ªğŸ»",0,[]
1275754352536358912,2020-06-24 11:35:14,ğŸ¯kth+jjkğŸ°,"RT @poxaasi: aÃ­ mano eu amo tanto o hobi que me doe, ver ele sorrindo, brincando, fazendo coisas que ele gosta Ã© a minha felicidade pq eleâ€¦",54,[]
1275754329975201793,2020-06-24 11:35:09,"JaboatÃ£o dos Guararapes, Brasi","RT @poxaasi: aÃ­ mano eu amo tanto o hobi que me doe, ver ele sorrindo, brincando, fazendo coisas que ele gosta Ã© a minha felicidade pq eleâ€¦",54,[]
1275754325516656641,2020-06-24 11:35:08,Angola,"RT @freeOrochi: Corra o risco. Se der certo, felicidade. Se nÃ£o, sabedoria.",4589,[]
1275754318377951232,2020-06-24 11:35:06,"CuiabÃ¡, Brasil","RT @soulanja: Hoje, aos 35 anos chorei por uma hora de felicidade, por ter feito as compras que sempre sonhei dar pra minha mÃ£e, e paguei câ€¦",111,[]
1275754314993217536,2020-06-24 11:35:05,errej,"RT @FLeal22: Caralho, olha o semblante de felicidade ao conquistar o ""bÃ¡sico"" pra sobreviver. Meu Deus, pq eu reclamo tanto... ğŸ˜­ğŸ˜­",670,[]
1275754302255104001,2020-06-24 11:35:02,Foz do IguaÃ§u,"Felicidade tambÃ©m Ã©  isso, estar feliz pelo outro, e se alegrar pelas conquistas que os outros fazem...",0,[]
1275754294936064002,2020-06-24 11:35:00,Rio Grande,Felicidade de quem sÃ³ trabalha sÃ¡bado agora!! ğŸ™ğŸ»,0,[]
1275754293258313728,2020-06-24 11:35:00,Rj,Felicidade a millllllğŸ™â¤ï¸,0,[]
1275754283187781632,2020-06-24 11:34:58,"Beverly Hills, CA","RT @Jeffers74418347: Boa noite aos meus possÃ­veis novos clientes e aos antigos clientes, com imensa felicidade venho comunicar vcs que estoâ€¦",52,[]
1275754264548311041,2020-06-24 11:34:53,,"RT @o_que_escrever: Ãšltima aula de portuguÃªs, nem sei como expressar a minha felicidade",1,[]
1275754251126480899,2020-06-24 11:34:50,"Guarulhos, Brasil","Eu tÃ´ tentando seguir mas qualquer coisa me lembra ele, ele Ã© a pessoa que vem na minha mente quando acontece alguma coisa boa, Ã© ele que me ajuda a encontrar o caminho pra resolver alguns problemas. Eu queria poder vÃª felicidade sem ele mas nÃ£o vejo, os dias ficaram piores. https://t.co/aXECdCBExV",0,[]
1275754245338382338,2020-06-24 11:34:49,,"RT @moFitaz: Poder ver a felicidade dela e dessas 2 crianÃ§as ao ter alimento na mesa, foi sem duvidas gratificante, ouvir o garoto gritandoâ€¦",248,[]
1275754237650259971,2020-06-24 11:34:47,,"RT @Soupluraledemo1: E o homem nem fala em se candidatar. Imaginem qdo ele disser: ""Se Ã© para o bem de todos e a felicidade geral da naÃ§Ã£o""â€¦",22,[]
1275754218234707970,2020-06-24 11:34:42,"Rio de Janeiro, Brasil",Nem tÃ´ acreditando q concluÃ­ o primeiro perÃ­odo com mÃ©dia 9 em tudo   A felicidade existe,0,[]
1275754207900045312,2020-06-24 11:34:40,"RosÃ¡rio do Sul, Brasil","RT @Tupacfalando: Corra o risco. Se der certo, felicidade. Se nÃ£o, sabedoria.",2433,[]
1275754192469209088,2020-06-24 11:34:36,"Rio de Janeiro, Brasil","@RodrigoMaia O maior estorvo ao Brasil Ã© vocÃª Ã´ carrapato analfabeto. Se hÃ¡ a saÃ­da de alguÃ©m do Brasil que traria felicidade ao povo, Ã© a saÃ­da de um corrupto vagabundo como vocÃª. Os Ãºnicos satisfeitos com a sua existÃªncia desqualificada que nunca estudou na vida, sÃ£o os bandidos e corruptos https://t.co/KZTey8mcRU",0,[]
1275754183321423872,2020-06-24 11:34:34,"Frederico Westphalen, Brasil","SE VC ESTA TRISTE, VOU TE PASSAR O CÃ“DIGO DA FELICIDADE 55 996594074, A VONTADE",0,[]
1275754146721861633,2020-06-24 11:34:25,em casa,RT @AK_GTAA: O dia que eu chorei de ansiedade e felicidadeâ¤ï¸ğŸ–¤â¤ï¸ğŸ–¤,37,[]
1275754126098530304,2020-06-24 11:34:20,"BalneÃ¡rio CamboriÃº, Brasil",RT @rfelms: Uma das coisas mais triste da vida Ã© nÃ£o poder compartilhar momentos de felicidade por medo da energia negativa das pessoas,30,[]
1275754121778401280,2020-06-24 11:34:19,em casa,"RT @AquiLeao: #LeÃ£o Se benze, porque sua felicidade vai ofender muita gente.",263,['LeÃ£o']
1275754114002161665,2020-06-24 11:34:17,,"RT @freeOrochi: Corra o risco. Se der certo, felicidade. Se nÃ£o, sabedoria.",4589,[]
1275754084327358466,2020-06-24 11:34:10,+55021/ZS â˜€ï¸,"RT @FLeal22: Caralho, olha o semblante de felicidade ao conquistar o ""bÃ¡sico"" pra sobreviver. Meu Deus, pq eu reclamo tanto... ğŸ˜­ğŸ˜­",670,[]
1275754072759586817,2020-06-24 11:34:07,"Morro do Castro, SÃ£o GonÃ§alo","RT @freeOrochi: Corra o risco. Se der certo, felicidade. Se nÃ£o, sabedoria.",4589,[]
1275754043563008000,2020-06-24 11:34:01,"RibeirÃ£o das Neves, Brasil","RT @nat_marquees: ai eu tenho preconceito com pessoas carentes que nÃ£o sabem ficar sozinhas, estÃ£o sempre procurando alguÃ©m e deixam a feliâ€¦",12,[]
1275754039297347584,2020-06-24 11:33:59,,"RT @freeOrochi: Corra o risco. Se der certo, felicidade. Se nÃ£o, sabedoria.",4589,[]
1275754033811259398,2020-06-24 11:33:58,"Uberaba, Brasil",felicidade de ter apresentado esse trabalho semana passada e poder ficar na cama atÃ© as nove hoje ğŸ¤©,0,[]
1275754013326225408,2020-06-24 11:33:53,,"""dinheiro nao trÃ¡s felicidade""  nÃ£o me importo de ficar chorando em paris",0,[]
1275754001905192963,2020-06-24 11:33:51,,RT @xxcatarina14xx: Sou tÃ£o feliz com a felicidade dos meus amigos e isso Ã© sem dÃºvida uma das minhas melhores qualidades,3,[]
1275753967323099139,2020-06-24 11:33:42,"SÃ£o CristÃ³vÃ£o, Brasil","RT @FLeal22: Caralho, olha o semblante de felicidade ao conquistar o ""bÃ¡sico"" pra sobreviver. Meu Deus, pq eu reclamo tanto... ğŸ˜­ğŸ˜­",670,[]
1275753932271292416,2020-06-24 11:33:34,"Rocha Miranda, Rio de Janeiro","RT @AquiCapricornio: #CapricÃ³rnio O negÃ³cio Ã© arriscar. Se der certo, Ã© felicidade. Se der errado, Ã© aprendizado",68,['CapricÃ³rnio']
1275753923224178689,2020-06-24 11:33:32,"Las Vegas, NV","RT @Beasantooos13: NÃ£o precisava ela dizer nada, a cara dela de felicidade jÃ¡ diz tudo! Que bom ainda existe pessoas de bom coraÃ§Ã£o ğŸ™ğŸ½ğŸ¤©",813,[]
1275753922997649409,2020-06-24 11:33:32,,"RT @freeOrochi: Corra o risco. Se der certo, felicidade. Se nÃ£o, sabedoria.",4590,[]
1275753921508761600,2020-06-24 11:33:31,,"RT @freeOrochi: Corra o risco. Se der certo, felicidade. Se nÃ£o, sabedoria.",4590,[]
1275753917771591680,2020-06-24 11:33:31,,"FaÃ§a o que for necessÃ¡rio para ser feliz. Mas nÃ£o se esqueÃ§a que a felicidade Ã© um sentimento simples, vocÃª pode encontrÃ¡-la e deixÃ¡-la ir embora por nÃ£o perceber sua simplicidade. #Bdia ğŸ’­ğŸ€â¤ï¸",0,['Bdia']
1275753917280903170,2020-06-24 11:33:30,ela/dela,RT @yyeolking: NO MEIO DESSE HATE TODO NELE ELE APARECEU ESSE HOMEM EH FORTE MESMO O MUNDO N TE MERECE CHEN NEM UM POUCO VOCÃŠ Ã‰ PERFEITO Eâ€¦,1,[]
1275753907965308935,2020-06-24 11:33:28,,"ğŸ - de verdade vocÃª Ã© a Ãºnica pessoa que me identifiquei aqui no tt, espero que nos aproximemos ainda mais, eu te desejo muita felicidade https://t.co/W4uNJKBJU1",0,[]
1275753875589529600,2020-06-24 11:33:20,"Jardim BotÃ¢nico, Rio de Janeir","RT @FLeal22: Caralho, olha o semblante de felicidade ao conquistar o ""bÃ¡sico"" pra sobreviver. Meu Deus, pq eu reclamo tanto... ğŸ˜­ğŸ˜­",670,[]
1275753842848796673,2020-06-24 11:33:13,"Montijo, Portugal","o q mais me alegrou o dia nem foi passar no cÃ³digo, foi mm a minha avÃ³ chorar de felicidade ao lhe contar, q ser humaninho mais precioso",0,[]
1275753837467492352,2020-06-24 11:33:11,"Joinville, Brasil",RT @tipobin: A alegria de fazer o bem Ã© a Ãºnica felicidade verdadeira.,54,[]
1275753828600680448,2020-06-24 11:33:09,Rio de Janeiro,"@tatyaguiar12 Um forrozinho pra melhorar a vida, q tÃ¡ parada e sem graÃ§a.  Felicidade e sÃ³ uma questÃ£o de Ser, nÃ©??? https://t.co/Lk90wD5MuK",0,[]
1275753816995115008,2020-06-24 11:33:06,"Lagos, Portugal",RT @TjiPereira: Mais uma para vossa felicidade https://t.co/e3oAFLlhJT,3,[]
1275753810468667392,2020-06-24 11:33:05,NÃ£o me encontram!,"RT @Tupacfalando: Corra o risco. Se der certo, felicidade. Se nÃ£o, sabedoria.",2433,[]
1275753789094531072,2020-06-24 11:33:00,Brazil,"ainda nÃ£o me sinto muito confiante de dizer batendo no peito pras pessoas que comprei um ap na planta. Sinto mais medo geralmente do que felicidade. Ontem assinei o contrato com o banco e isso estava me consumindo por dias. Deus Ã© top, as vezes choro de incredulidade.",0,[]
1275753779640532997,2020-06-24 11:32:58,"NiterÃ³i, Brasil",@karoleduuarda EntÃ£o faÃ§a copo da felicidade,0,[]
1275753772061470721,2020-06-24 11:32:56,brasil,"@MonteiroMaithe ParabÃ©ns muitos anos de vida, com muita saÃºde, paz, felicidade e sabedoria para toda sua famÃ­lia!! Feliz aniversÃ¡rio ğŸ‚ğŸŠğŸ‰",0,[]
1275753765732339712,2020-06-24 11:32:54,Livre ğŸƒ,"RT @FLeal22: Caralho, olha o semblante de felicidade ao conquistar o ""bÃ¡sico"" pra sobreviver. Meu Deus, pq eu reclamo tanto... ğŸ˜­ğŸ˜­",670,[]
1275753760409767943,2020-06-24 11:32:53,London,RT @positividadezin: Lembre-se que hoje vocÃª tem a chance de fazer diferente. O seu sucesso e a sua felicidade dependem das suas escolhas,47,[]
1275753754944471040,2020-06-24 11:32:52,turano .,"RT @FLeal22: Caralho, olha o semblante de felicidade ao conquistar o ""bÃ¡sico"" pra sobreviver. Meu Deus, pq eu reclamo tanto... ğŸ˜­ğŸ˜­",670,[]
1275753753078087681,2020-06-24 11:32:51,Î¶  .  ğŸ—ğŸ• â‹„ ğ–¼ğ—ğ–ºğ—‡ ğŸ¥¢ ğ“ˆ’ ,"RT @LIN0ART: O Felix gosta que chamem ele de sol, seu apelido Ã© Haengbok que quer dizer felicidade, seu nome em inglÃªs significa ""uma fonteâ€¦",105,[]
1275753716172406786,2020-06-24 11:32:42,na casa de banho em albufeira,RT @xxnuriaz: porque Ã© que a vossa felicidade Ã© ver o clube adversÃ¡rio perder e nÃ£o celebrar a vossa vitÃ³ria ?,3,[]
1275753706999427084,2020-06-24 11:32:40,"Itapema, Brasil","Bom dia quarta com o ruivo retocado depois de 4 meses, vcs nÃ£o tÃ£o ligado na minha felicidade",0,[]
1275753692084547584,2020-06-24 11:32:37,"NiterÃ³i, Brasil","RT @freeOrochi: Corra o risco. Se der certo, felicidade. Se nÃ£o, sabedoria.",4590,[]
1275753691706994690,2020-06-24 11:32:37,Maldives,"RT @freeOrochi: Corra o risco. Se der certo, felicidade. Se nÃ£o, sabedoria.",4590,[]
1275753690620624896,2020-06-24 11:32:36,"ImbÃ©, Brasil","RT @freeOrochi: Corra o risco. Se der certo, felicidade. Se nÃ£o, sabedoria.",4590,[]
1275753686174707713,2020-06-24 11:32:35,"SÃ£o Paulo, Brasil","RT @freeOrochi: Corra o risco. Se der certo, felicidade. Se nÃ£o, sabedoria.",4590,[]
1275753681057611776,2020-06-24 11:32:34,,Bom dia com muita felicidade no coraÃ§Ã£o por mais uma nova etapa da minha vida estÃ¡ comeÃ§ando hoje ğŸ˜­,0,[]
1275753678679560192,2020-06-24 11:32:34,SÃ£o SebastiÃ£o do ParaÃ­so,"RT @freeOrochi: Corra o risco. Se der certo, felicidade. Se nÃ£o, sabedoria.",4590,[]
1275753673931591682,2020-06-24 11:32:32,"Mato Grosso, Brasil","RT @poxaasi: aÃ­ mano eu amo tanto o hobi que me doe, ver ele sorrindo, brincando, fazendo coisas que ele gosta Ã© a minha felicidade pq eleâ€¦",54,[]
1275753644856619008,2020-06-24 11:32:25,"Curitiba, Brasil","em 3 meses eu fui de 43kg a 48kg, nÃ£o tenho como explicar minha felicidade",0,[]
1275753644378423298,2020-06-24 11:32:25,meu nome Ã© ngm e vim de BelÃ©m ,"RT @freeOrochi: Corra o risco. Se der certo, felicidade. Se nÃ£o, sabedoria.",4590,[]
1275753626577838083,2020-06-24 11:32:21,SÃ£o Paulo,"RT @ViniCosta_Souza: Nos tempos de Orkut, minha felicidade era quando o Elvis Presley e a BeyoncÃ© iam no meu CafÃ© Mania. Sllc, bons tempos",1,[]
1275753595883880449,2020-06-24 11:32:14,No Seu CoraÃ§Ã£o,"SÃ³ acho q se a menina quis casar e os pais consentiram, tudo q temos a fazer Ã© ficar feliz por eles dois, eles estÃ£o felizes namoram hÃ¡  uns 4 anos jÃ¡. Ã‰ urgente aprender a torcer pela felicidade das pessoas em vez de torcer contra. Parem de querer sabotar a felicidade alheia â¤",0,[]
1275753589730947073,2020-06-24 11:32:12,"Campinas, Brasil","RT @freeOrochi: Corra o risco. Se der certo, felicidade. Se nÃ£o, sabedoria.",4590,[]
1275753576862752768,2020-06-24 11:32:09,rj || ela/dela,to me sentindo pÃ©ssima ja sei q vou me sentir assim pelo resto do dia felicidade,0,[]
1275753557216628736,2020-06-24 11:32:05,SÃ£o Paulo,"Depois de 2 anos treinando finalmente cheguei no peso que eu queria, PQP QUE FELICIDADE",0,[]
1275753522898915330,2020-06-24 11:31:56,Instagram mymicadedeus,"RT @yngrid_novinha: NÃ£o acredito que jÃ¡ faz 6 anos que minha maior felicidade nasceu.  Meu filho, hoje Ã© seu aniversÃ¡rio e eu sÃ³ posso espeâ€¦",1,[]
1275753518566117381,2020-06-24 11:31:55,Vr/rj,"RT @freeOrochi: Corra o risco. Se der certo, felicidade. Se nÃ£o, sabedoria.",4590,[]
1275753515034521602,2020-06-24 11:31:54,,RT @despretenciosa1: Se a felicidade dos outros te incomoda vocÃª precisa procurar ajuda,0,[]
1275753511024721921,2020-06-24 11:31:54,"Ponte de Sor, Portugal","RT @freeOrochi: Corra o risco. Se der certo, felicidade. Se nÃ£o, sabedoria.",4590,[]
1275753477671616512,2020-06-24 11:31:46,"Belford Roxo, Rio de Janeiro",@joaobtz *** putinhas aborteiras ***               feministas  a minha Ãºnica felicidade Ã© nÃ£o ver nenhuma negra no meio disso,0,[]
1275753476987981830,2020-06-24 11:31:45,ilhÃ©us,"RT @soulanja: Hoje, aos 35 anos chorei por uma hora de felicidade, por ter feito as compras que sempre sonhei dar pra minha mÃ£e, e paguei câ€¦",112,[]
1275753458885369856,2020-06-24 11:31:41,,RT @BaackSilva: TorÃ§o pela felicidade de geral pessoa feliz nÃ£o tem inveja e nÃ£o enche o saco!!! #bomdia,1,['bomdia']
1275753441743249409,2020-06-24 11:31:37,,RT @citeicaos: Aprenda que  toda felicidade custa sua tristeza,3,[]
1275753436672339969,2020-06-24 11:31:36,"BrasÃ­lia, Brasil","RT @FLeal22: Caralho, olha o semblante de felicidade ao conquistar o ""bÃ¡sico"" pra sobreviver. Meu Deus, pq eu reclamo tanto... ğŸ˜­ğŸ˜­",670,[]
1275753428963164167,2020-06-24 11:31:34,"InhoaÃ­ba, Rio de Janeiro","RT @FLeal22: Caralho, olha o semblante de felicidade ao conquistar o ""bÃ¡sico"" pra sobreviver. Meu Deus, pq eu reclamo tanto... ğŸ˜­ğŸ˜­",670,[]
1275753422743121922,2020-06-24 11:31:32,insta: brends.marttins,Felicidade de hoje: saber que estou entrando de fÃ©rias ğŸ˜,0,[]
1275753422017495040,2020-06-24 11:31:32,Paris,"RT @FLeal22: Caralho, olha o semblante de felicidade ao conquistar o ""bÃ¡sico"" pra sobreviver. Meu Deus, pq eu reclamo tanto... ğŸ˜­ğŸ˜­",670,[]
1275753420834496513,2020-06-24 11:31:32,"Rio Grande do Sul, Brasil","RT @freeOrochi: Corra o risco. Se der certo, felicidade. Se nÃ£o, sabedoria.",4590,[]
1275753398277718019,2020-06-24 11:31:27,,"RT @gihportilla: Ã‰ engraÃ§ado como as pessoas tem o costume de vincular felicidade, tristeza, raiva e etc a uma outra pessoa, sendo que todoâ€¦",1,[]
1275753380804202496,2020-06-24 11:31:22,"Rio de Janeiro, Brasil","RT @Beasantooos13: NÃ£o precisava ela dizer nada, a cara dela de felicidade jÃ¡ diz tudo! Que bom ainda existe pessoas de bom coraÃ§Ã£o ğŸ™ğŸ½ğŸ¤©",813,[]
1275753377411010560,2020-06-24 11:31:22,,"das virtudes que consigo colocar em aÃ§Ã£o. Apenas a minha luz Ã© capaz de imunizar as minhas sombras. Toda a plenitude que anseio, manifestada em paz, liberdade, amor, dignidade e felicidade, depende exclusivamente de mim.",0,[]
1275753375053856778,2020-06-24 11:31:21,4500 ,"como eles nÃ£o o conseguem fazer, acham ridÃ­culos aqueles que conseguem  mal eles sabem a felicidade e a paz presente nessas pessoas https://t.co/fm55k7EsvJ",0,[]
1275753356959547394,2020-06-24 11:31:17,,Essa felicidade nÃ£o tem preÃ§o!!ğŸ˜ğŸ˜ğŸ˜ğŸ˜ğŸ¥ºğŸ¥º https://t.co/Epzu99DRfU,0,[]
1275753335866437632,2020-06-24 11:31:12,"Nova Lima, Brasil","RT @soulanja: Hoje, aos 35 anos chorei por uma hora de felicidade, por ter feito as compras que sempre sonhei dar pra minha mÃ£e, e paguei câ€¦",112,[]
1275753335396712448,2020-06-24 11:31:12,Marte,"RT @FLeal22: Caralho, olha o semblante de felicidade ao conquistar o ""bÃ¡sico"" pra sobreviver. Meu Deus, pq eu reclamo tanto... ğŸ˜­ğŸ˜­",670,[]
1275753332057964544,2020-06-24 11:31:11,     ğŸœ° ä¸–. ğ™´ğš‡ğ™¾ ê§” ã…¤ ã…¤     ã…¤,"jongdae apareceu, ninguÃ©m tira a minha felicidade hj",0,[]
1275753329621172230,2020-06-24 11:31:10,,@Daryki Ã‰ Daryki curte isso porque dps que vocÃª sobe de divisÃ£o acaba toda a felicidade,0,[]
1275753321832333312,2020-06-24 11:31:08,"Ilha do Governador, rj ","RT @freeOrochi: Corra o risco. Se der certo, felicidade. Se nÃ£o, sabedoria.",4590,[]
1275753312508432384,2020-06-24 11:31:06,,"ğ”ğ¦ğš ğ¥ğšğ ğšğ«ğ­ğ¢ğ±ğš- OLHA O SORRISINHO PORRA perfeito e esbanja felicidade, Seu nome serÃ¡ Rafael https://t.co/MDtp4xeY42",0,[]
1275753312260890624,2020-06-24 11:31:06,na casa do krlhâ˜º,"RT @eu_duda6: Minha felicidade tem nome , sobrenome , endereÃ§o e um sorriso lindoğŸ¥°ğŸ˜ https://t.co/PkJzbRqZSH",5,[]
1275753309043929089,2020-06-24 11:31:05,"Rio de Janeiro, Brasil",@Coelhinhaa98 Ãgatha???? paaaara kkkkkkkk quer internar ok mas qro minha felicidade antes,0,[]
1275753266232639488,2020-06-24 11:30:55,"OlhÃ£o, Portugal","RT @freeOrochi: Corra o risco. Se der certo, felicidade. Se nÃ£o, sabedoria.",4590,[]
1275753256883453953,2020-06-24 11:30:53,"Planalto, SÃ£o Bernardo do Camp",TorÃ§o pela felicidade de geral pessoa feliz nÃ£o tem inveja e nÃ£o enche o saco!!! #bomdia,1,['bomdia']
1275753244082548736,2020-06-24 11:30:50,"EspÃ­rito Santo, Brasil",@l4belledjour VocÃª Ã© incrÃ­vel!!! Exemplo de mulher e de mÃ£e tambÃ©m! Toda felicidade do mundo Ã© pouca pra vocÃª e esse pacotinho ğŸ’™ğŸ’™ğŸ’™ğŸ¤§,0,[]
1275753213136965634,2020-06-24 11:30:43,"Sapinhatuba III, Angra dos Rei","RT @freeOrochi: Corra o risco. Se der certo, felicidade. Se nÃ£o, sabedoria.",4590,[]
1275753212830781443,2020-06-24 11:30:42,"Curitiba, Brasil","RT @freeOrochi: Corra o risco. Se der certo, felicidade. Se nÃ£o, sabedoria.",4590,[]
1275753198335205376,2020-06-24 11:30:39,Ot7,"RT @poxaasi: aÃ­ mano eu amo tanto o hobi que me doe, ver ele sorrindo, brincando, fazendo coisas que ele gosta Ã© a minha felicidade pq eleâ€¦",54,[]
1275753193557852162,2020-06-24 11:30:38,sehun pink hair,eu to chorando demais hoje NADA tira minha felicidade apenas o jongdae importa,0,[]
1275753164378169348,2020-06-24 11:30:31,"BalneÃ¡rio Arroio do Silva, Bra","RT @freeOrochi: Corra o risco. Se der certo, felicidade. Se nÃ£o, sabedoria.",4590,[]
1275753132467896320,2020-06-24 11:30:23,hta|iu and multistan,essa live foi um ponto de felicidade  ver hobi todo fofinho fazendo a pulseira e depois com tae :( eu ainda to meio sei lÃ¡ mas isso me animou um pouco,0,[]
1275753116735025155,2020-06-24 11:30:20,,"@smiile N, minha reaÃ§Ã£o Ã© de felicidade, fizeram por mim o q eu n estava conseguindo fazer",0,[]
1275753112851091458,2020-06-24 11:30:19,"Fortaleza, Brasil","RT @poxaasi: aÃ­ mano eu amo tanto o hobi que me doe, ver ele sorrindo, brincando, fazendo coisas que ele gosta Ã© a minha felicidade pq eleâ€¦",54,[]
1275753076268335105,2020-06-24 11:30:10,,@JooPedroNeves16 talvez nÃ£o podemos contar com isso para a felicidade isso deveria sÃ³ completar e nÃ£o ser a razÃ£o da felicidadeğŸ¤”,0,[]
1275753072317399046,2020-06-24 11:30:09,RS,RT @cincopalavras: Cristo Ã© a definiÃ§Ã£o de felicidade.,37,[]
1275753046249701378,2020-06-24 11:30:03,021,"RT @FLeal22: Caralho, olha o semblante de felicidade ao conquistar o ""bÃ¡sico"" pra sobreviver. Meu Deus, pq eu reclamo tanto... ğŸ˜­ğŸ˜­",670,[]
1275753023835340803,2020-06-24 11:29:57,,A felicidade que vem da coragem de ter enfrentando os desafios e vencido. Chegaremos lÃ¡ com ctz. https://t.co/nk7IB9dkoN,0,[]
1275753021318868992,2020-06-24 11:29:57,03/04ğŸ’,"RT @FLeal22: Caralho, olha o semblante de felicidade ao conquistar o ""bÃ¡sico"" pra sobreviver. Meu Deus, pq eu reclamo tanto... ğŸ˜­ğŸ˜­",670,[]
1275753017246171136,2020-06-24 11:29:56,CriciÃºma,RT @tipobin: A alegria de fazer o bem Ã© a Ãºnica felicidade verdadeira.,54,[]
1275753013836230659,2020-06-24 11:29:55,â„‚ğ• ğ•ğ•¡ğ•ğ•–ğ•©ğ•  ğŸ˜œğŸŠ,"@EuMiaReal Nada haver com a vida dela, pq vcs nÃ£o param de se meter e vÃ£o ser feliz porra.  Se o homem Ã© casado ou nÃ£o isso nÃ£o derespeira vcs, Ã© seu marido ? NÃ£o entÃ£o pq vcs estÃ£o encomodada com a felicidade alheia. Isso tudo Ã© inveja oq vcs nÃ£o tem capacidade de fazer igual o foda Ã© +++",0,[]
1275753008803057664,2020-06-24 11:29:54,"Porto, Portugal","RT @freeOrochi: Corra o risco. Se der certo, felicidade. Se nÃ£o, sabedoria.",4590,[]
1275752989379223552,2020-06-24 11:29:49,brazil,@Cathhewat123 Bom dia encantada Dama dia de felicidade e saÃºde a ti e sua FamÃ­liağŸ§â€â™€ï¸ğŸ‘ğŸ˜ğŸ˜³ğŸ˜˜ğŸ’˜ğŸ˜‚â™‹ï¸ğŸ‡§ğŸ‡·,0,[]
1275752977601527809,2020-06-24 11:29:46,"Duque de Caxias, Brasil","RT @regix_crf: Corra o risco Se der certo, felicidade.   Se nÃ£o, sabedoria.",21,[]
1275752973382103043,2020-06-24 11:29:45,Liberdade jÃ¡ TH,"RT @AquiLeao: #LeÃ£o Se benze, porque sua felicidade vai ofender muita gente.",263,['LeÃ£o']
1275752971565961216,2020-06-24 11:29:45,she/her â‹† (l)gbt,"@LESBlHAN oi laurinha feliz aniversÃ¡rio!! eu desejo tudo de bom pra vc, muita muita felicidade, eu espero do fundo do coraÃ§Ã£o que vc tenha um dia incrÃ­vel e que vc fique bem ğŸ¤§ vc merece aproveitar e comemorar!! parabÃ©ns xuxu ğŸ¥°ğŸ¥°ğŸ¥°ğŸ¥³ğŸ¥³ğŸ‰ğŸ‰",0,[]
1275752968214794241,2020-06-24 11:29:44,,"RT @freeOrochi: Corra o risco. Se der certo, felicidade. Se nÃ£o, sabedoria.",4590,[]
1275752962858668032,2020-06-24 11:29:43,Raba da Demi,"RT @moFitaz: Poder ver a felicidade dela e dessas 2 crianÃ§as ao ter alimento na mesa, foi sem duvidas gratificante, ouvir o garoto gritandoâ€¦",248,[]
1275752954772021248,2020-06-24 11:29:41,"GoiÃ¢nia, Brasil / Jatahell","Ã‰ engraÃ§ado como as pessoas tem o costume de vincular felicidade, tristeza, raiva e etc a uma outra pessoa, sendo que todos sÃ£o sentimentos e cada um Ã© responsÃ¡vel pelo seu.",1,[]
1275752952435822593,2020-06-24 11:29:40,DireÃ§Ã£o ğŸ•‰ï¸,RT @TjiPereira: Mais uma para vossa felicidade https://t.co/e3oAFLlhJT,3,[]
1275752944768634880,2020-06-24 11:29:39,Bagda city,"RT @coronelas22: Como toda felicidade e passageira, nenhum sofrimento serÃ¡ eterno!ğŸ‘ŒğŸ¾                    bom diaâ˜€ï¸",1,[]
1275752933825622018,2020-06-24 11:29:36,"Penafiel, Portugal",SÃ³ quero o fim do campeonato para cantar isto a chorar de felicidade https://t.co/AG4bs0KRJD,0,[]
1275752931300716545,2020-06-24 11:29:35,1 CorÃ­ntios 2:9 ğŸ’›,"@tuittabrx parabÃ©ns cadelinhaaaaa, que papai do cÃ©u te abenÃ§oe o mÃ¡ximo que vc continue sendo essa pessoa sensacional. muitas paz,saÃºde,felicidade,amor e juÃ­zo! â¤ï¸â¤ï¸",0,[]
1275752928964481028,2020-06-24 11:29:35,"Miracema, Brasil",Deus me livre permitir que alguÃ©m entre na minha vida para me machucar. O amor que eu tenho por mim Ã© tÃ£o grande (quando eu vejo que a pessoa quer brincar cmg eu simplesmente abro a porta e mando ela sumir). Minha saÃºde mental vale mais e minha felicidade tbm.,0,[]
1275752923943796738,2020-06-24 11:29:34,ğ•ºğ–™7 ğ–šğ–™ğ–™ğ–Šğ–‰ â™¡,"RT @poxaasi: aÃ­ mano eu amo tanto o hobi que me doe, ver ele sorrindo, brincando, fazendo coisas que ele gosta Ã© a minha felicidade pq eleâ€¦",54,[]
1275752909125361664,2020-06-24 11:29:30,Key HouseğŸ—ï¸ ELA/DELA,@toriababygirl um segundo de felicidade aÃ­ depois vem a briga eles nÃ£o se falam por meses e no final eles descobrem que era um mal entendido e voltam,0,[]
1275752877714280450,2020-06-24 11:29:23,,"tudo na calada dÃ¡  certo, felicidade  muito exposta atrai inveja de quem nÃ£o  quer te ver feliz rsğŸ˜‰",0,[]
1275752866062499840,2020-06-24 11:29:20,ALICE â¤ğŸ‘§ğŸ»,"RT @FLeal22: Caralho, olha o semblante de felicidade ao conquistar o ""bÃ¡sico"" pra sobreviver. Meu Deus, pq eu reclamo tanto... ğŸ˜­ğŸ˜­",670,[]
1275752859611602946,2020-06-24 11:29:18,armyonce. â™¥,RT @Eoq_Bangtan2: Apenas relembrando o dia em que todos os membros visitaram Hobi no set de Daydream e a absoluta felicidade em seu rosto qâ€¦,139,[]
1275752843539087361,2020-06-24 11:29:14,"Catumbi, Rio de Janeiro","RT @FLeal22: Caralho, olha o semblante de felicidade ao conquistar o ""bÃ¡sico"" pra sobreviver. Meu Deus, pq eu reclamo tanto... ğŸ˜­ğŸ˜­",670,[]
1275752840330387456,2020-06-24 11:29:14,"Viseu, Portugal",RT @bbeatrizfig: Acho que vou chorar de felicidade quando finalmente me vir livre dos exames fds,18,[]
1275752838845681664,2020-06-24 11:29:13,Ryan e CalebeğŸ‘¼ğŸ»ğŸ–¤,"RT @FLeal22: Caralho, olha o semblante de felicidade ao conquistar o ""bÃ¡sico"" pra sobreviver. Meu Deus, pq eu reclamo tanto... ğŸ˜­ğŸ˜­",670,[]
1275752834559094785,2020-06-24 11:29:12,Get Off,Desde 07:30 assistindo documentÃ¡rio sobre bactÃ©rias....   felicidade https://t.co/aEqCMrU8bg,0,[]
1275752810869637120,2020-06-24 11:29:07,"GoiÃ¢nia, Brasil","RT @freeOrochi: Corra o risco. Se der certo, felicidade. Se nÃ£o, sabedoria.",4590,[]
1275752802992754688,2020-06-24 11:29:05,,E todo aquele q tiver tramando o meu fim erre o caminho e encontre a felicidade.  #FraseDelDÃ­a,0,['FraseDelDÃ­a']
1275752799846965249,2020-06-24 11:29:04,,RT @falazeastral: Palavra do Dia dos Signos ğŸ§¡  #Ãries ğŸ ReflexÃ£o #Touro ğŸ‚ ResiliÃªncia #GÃªmeos ğŸ‘« Simpatia #CÃ¢ncer ğŸ¦€ VitÃ³ria #LeÃ£o ğŸ¦ Gentilezâ€¦,34,"['Ãries', 'Touro', 'GÃªmeos', 'CÃ¢ncer', 'LeÃ£o']"
1275752764522541056,2020-06-24 11:28:56,"Porto Alegre, SÃ£o Jose","RT @soulanja: Hoje, aos 35 anos chorei por uma hora de felicidade, por ter feito as compras que sempre sonhei dar pra minha mÃ£e, e paguei câ€¦",112,[]
1275752756977053696,2020-06-24 11:28:54,land of ooo,@Fernandes2002M epah ya mas ao menos sentia a felicidade que foi e estava com a minha turma de nono toda na mesma sala outra vez,0,[]
1275752728346722304,2020-06-24 11:28:47,"PortimÃ£o, Portugal","RT @freeOrochi: Corra o risco. Se der certo, felicidade. Se nÃ£o, sabedoria.",4590,[]
1275752714249687040,2020-06-24 11:28:44,"Rio de Janeiro,nilocrime ğŸ–ï¸","RT @freeOrochi: Corra o risco. Se der certo, felicidade. Se nÃ£o, sabedoria.",4590,[]
1275752713385631744,2020-06-24 11:28:43,"Beja, Portugal","RT @freeOrochi: Corra o risco. Se der certo, felicidade. Se nÃ£o, sabedoria.",4590,[]
1275752710579654665,2020-06-24 11:28:43,,"RT @ocrentesincero: Bom dia, galera!  VocÃªs sabem como Ã© a felicidade de acordar e ter um ""bom dia bbâ€ â€œdormiu bem?â€ â€œDeus abenÃ§oe seu diaâ€â€¦",108,[]
1275752707467415552,2020-06-24 11:28:42,,Mais uma para vossa felicidade https://t.co/e3oAFLlhJT,3,[]
1275752693563297796,2020-06-24 11:28:39,021,"RT @FLeal22: Caralho, olha o semblante de felicidade ao conquistar o ""bÃ¡sico"" pra sobreviver. Meu Deus, pq eu reclamo tanto... ğŸ˜­ğŸ˜­",670,[]
1275752685032046593,2020-06-24 11:28:37,"SÃ£o JosÃ© dos Campos, Brasil",minha felicidade do dia: ver que o pig gravou uma aula sobre a matÃ©ria de hoje ğŸ¤©ğŸ¤©,0,[]
1275752650760429568,2020-06-24 11:28:28,Brazil,"S A K U R A ou flor de Cerejeira. ğŸŒ¸ Com o seu florescimento agora no inverno brasileiro, essa flor simboliza a beleza feminina, o amor, a felicidade, a renovaÃ§Ã£o e a esperanÃ§a. Que a representaÃ§Ã£o dela nos tragaâ€¦ https://t.co/AhElzUsa0C",0,[]
1275752616593698818,2020-06-24 11:28:20,"Curitiba, Brasil","RT @freeOrochi: Corra o risco. Se der certo, felicidade. Se nÃ£o, sabedoria.",4590,[]
1275752601221464064,2020-06-24 11:28:17,ğ“™ğ“™ğ“š+ğ“šğ“£ğ“—,"RT @poxaasi: aÃ­ mano eu amo tanto o hobi que me doe, ver ele sorrindo, brincando, fazendo coisas que ele gosta Ã© a minha felicidade pq eleâ€¦",54,[]
1275752600558862343,2020-06-24 11:28:16,exoplanet,"hoje nada me tira do sÃ©rio, o jongdae apareceu ent hoje Ã© dia de paz e felicidade",0,[]
1275752570452140032,2020-06-24 11:28:09,,Quem falou que o dinheiro nÃ£o traz felicidade de certo tinha depressÃ£o e nÃ£o quis tratar pq O NEGÃ“CIO BOM DA PORRA VSF,0,[]
1275752563367981056,2020-06-24 11:28:08,"Rio de Janeiro, Brasil","RT @FLeal22: Caralho, olha o semblante de felicidade ao conquistar o ""bÃ¡sico"" pra sobreviver. Meu Deus, pq eu reclamo tanto... ğŸ˜­ğŸ˜­",670,[]
1275752546557190144,2020-06-24 11:28:04,"Avis, Portugal","RT @freeOrochi: Corra o risco. Se der certo, felicidade. Se nÃ£o, sabedoria.",4590,[]
1275752523102482435,2020-06-24 11:27:58,"Rio de Janeiro, JacarepaguÃ¡","RT @FLeal22: Caralho, olha o semblante de felicidade ao conquistar o ""bÃ¡sico"" pra sobreviver. Meu Deus, pq eu reclamo tanto... ğŸ˜­ğŸ˜­",670,[]
1275752508489695233,2020-06-24 11:27:55,Peniche ,Todos os meus colegas de turma jÃ¡ estÃ£o licenciados menos eu que ainda tenho que ir defender o trabalho do prof Vivaldo ihih felicidade #burra,0,['burra']
1275752508267401216,2020-06-24 11:27:54,"Curitiba, Brasil",RT @ferchiafitela: Voltei pra terapia ğŸ’› NÃ£o tÃ¡ cabendo em mim a felicidade depois dessa primeira sessÃ£o ğŸ’›ğŸ’›,1,[]
1275752505813667842,2020-06-24 11:27:54,,"RT @freeOrochi: Corra o risco. Se der certo, felicidade. Se nÃ£o, sabedoria.",4590,[]
1275752499337625607,2020-06-24 11:27:52,ğŸ³ï¸â€ğŸŒˆ,@sunflorwalls @Harry_Styles mds eu li o Hey bro com a maior felicidade do mundo achando que era realğŸ¤¡,0,[]
1275752485542600704,2020-06-24 11:27:49,027,"RT @freeOrochi: Corra o risco. Se der certo, felicidade. Se nÃ£o, sabedoria.",4590,[]
1275752395209953281,2020-06-24 11:27:28,localiza aÃ­ bÃª ğŸ¤ª,"RT @freeOrochi: Corra o risco. Se der certo, felicidade. Se nÃ£o, sabedoria.",4590,[]
1275752393599262721,2020-06-24 11:27:27,,"RT @freeOrochi: Corra o risco. Se der certo, felicidade. Se nÃ£o, sabedoria.",4590,[]
1275752380173344770,2020-06-24 11:27:24,na merda (como sempre),Se isso aqui se concretizar eu vou ter um ataque de felicidade https://t.co/g6YMM0j5NZ,0,[]
1275752378436911104,2020-06-24 11:27:24,,"RT @FLeal22: Caralho, olha o semblante de felicidade ao conquistar o ""bÃ¡sico"" pra sobreviver. Meu Deus, pq eu reclamo tanto... ğŸ˜­ğŸ˜­",670,[]
1275752368043429890,2020-06-24 11:27:21,"Salvador do Sul, Brasil","RT @freeOrochi: Corra o risco. Se der certo, felicidade. Se nÃ£o, sabedoria.",4590,[]
1275752362313990144,2020-06-24 11:27:20,"Bairro PiscatÃ³rio , Portugal","RT @freeOrochi: Corra o risco. Se der certo, felicidade. Se nÃ£o, sabedoria.",4590,[]
1275752352977387521,2020-06-24 11:27:17,"Olaria, Rio de Janeiro","RT @FLeal22: Caralho, olha o semblante de felicidade ao conquistar o ""bÃ¡sico"" pra sobreviver. Meu Deus, pq eu reclamo tanto... ğŸ˜­ğŸ˜­",670,[]
1275752347621298176,2020-06-24 11:27:16,no cÃ©u ,"RT @freeOrochi: Corra o risco. Se der certo, felicidade. Se nÃ£o, sabedoria.",4590,[]
1275752343146029056,2020-06-24 11:27:15,ele/he     â€œ      ğ™°ğ™½ğ™¸ğ™¼ğ™´ğš‚,LINDO PAIXÃƒO BEBÃŠ VIDA FELICIDADE SEROTONINA RAZÃƒO DE VIVER AMOR ADORÃVEL FOFO TITICO TUDO https://t.co/x8UU8TlDj9,0,[]
1275752319527776257,2020-06-24 11:27:09,ğŸ‡¯ğŸ‡µ,"RT @LIN0ART: O Felix gosta que chamem ele de sol, seu apelido Ã© Haengbok que quer dizer felicidade, seu nome em inglÃªs significa ""uma fonteâ€¦",105,[]
1275752318940651521,2020-06-24 11:27:09,Gio.ğŸ ,"@joalinbetter a gente vai ter pane no sistema, pq tudo vai mudar akakakakakkakqkakqak, o verdadeiro cabarÃ©, eu vou chorar tanto de felicidade, vou fazer 10K de tweet chorando, vou comemorar o mesversario dx bebÃª kakakakakakkaka",0,[]
1275752302834601984,2020-06-24 11:27:05,Rj ğŸŒ´ğŸŒŠ       OnÃ§a Cheirosa ğŸŒ¸,"RT @freeOrochi: Corra o risco. Se der certo, felicidade. Se nÃ£o, sabedoria.",4591,[]
1275752294311755776,2020-06-24 11:27:03,Brasil,Eu admiro muito maturidade emocional em tempos que sofrimento e felicidade sÃ£o medidos por posts.,0,[]
1275752291895820288,2020-06-24 11:27:03,ilÃª asÃ© ofu egbÃ©/ Rj,bom dia acordei querendo copo da felicidade,0,[]
1275752289106526209,2020-06-24 11:27:02,,Alimente sua alma com pensamentos positivos e a felicidade florescerÃ¡ diante dos teus olhos.,0,[]
1275752286703292416,2020-06-24 11:27:02,SabarÃ¡ - MG,"""Se vocÃª quer se livrar de um viver bloqueado e ser favorecido em tudo e por tudo, conheÃ§a o Livro Universo em Desencanto, que vai lhe favorecer um caminhar seguro para o encontro de portas sempre abertas, encontrando aÃ­ a Verdadeira Felicidade"" #culturaracionaldo3milÃªnio https://t.co/kUeZxdKmNM",0,['culturaracionaldo3milÃªnio']
1275752274019725313,2020-06-24 11:26:59,NÃ¡rnia city,"RT @freeOrochi: Corra o risco. Se der certo, felicidade. Se nÃ£o, sabedoria.",4591,[]
1275752272727879680,2020-06-24 11:26:58,"Sartrouville, France",RT @Jhonigol7: O segredo da felicidade,0,[]
1275752232445784064,2020-06-24 11:26:49,Inferno,RT @Felicitysdv: A paz interior Ã‰ a felicidade da alma #QuartaImperioDoSDV https://t.co/C3lEiiWoON,4,['QuartaImperioDoSDV']
1275752223839080451,2020-06-24 11:26:47,"Gondomar, Portugal","RT @freeOrochi: Corra o risco. Se der certo, felicidade. Se nÃ£o, sabedoria.",4591,[]
1275752223457398784,2020-06-24 11:26:47,"Porto Alegre, Brasil","RT @soulanja: Hoje, aos 35 anos chorei por uma hora de felicidade, por ter feito as compras que sempre sonhei dar pra minha mÃ£e, e paguei câ€¦",112,[]
1275752211813933056,2020-06-24 11:26:44,Mafra/SC,"Bom dia Mafra! Agora, 12Â°  "" Na plenitude da felicidade, cada dia Ã© uma vida inteira"". Johann Goethe https://t.co/5HXSqmrscN",1,[]
1275752180658700293,2020-06-24 11:26:36,"Rio de Janeiro, Brasil","RT @Beasantooos13: NÃ£o precisava ela dizer nada, a cara dela de felicidade jÃ¡ diz tudo! Que bom ainda existe pessoas de bom coraÃ§Ã£o ğŸ™ğŸ½ğŸ¤©",813,[]
1275752165781487621,2020-06-24 11:26:33,Brasil,@lucasportela1 ParabÃ©ns!! Muita paz e felicidade pra vocÃª hoje e sempre ğŸ‚ğŸ‚,0,[]
1275752155320913920,2020-06-24 11:26:30,no seu coraÃ§Ã£o se vc quiser â™¥ï¸,"RT @Tp_reinounido1: ParabÃ©ns, Cria!  VocÃª merece tudo de bom, pois Ã© um amigo muito querido . Espero que complete muitos anos de vida, sempâ€¦",12,[]
1275752150598135810,2020-06-24 11:26:29,ğŸ¦‹,"RT @freeOrochi: Corra o risco. Se der certo, felicidade. Se nÃ£o, sabedoria.",4592,[]
1275752133250486272,2020-06-24 11:26:25,Brazil,Hoje Ã  noite teremos uma conversa inspiradora sobre como superar a crise e buscar a felicidade atravÃ©s do espaÃ§o fÃ­sico (ou digital). . . AgradeÃ§o Ã  MaÃ­sa pela oportunidade de participar desse bate-papo e trazerâ€¦ https://t.co/o31ULd88YJ,0,[]
1275752133057556484,2020-06-24 11:26:25,N Te Interessa,nÃ£o posso ter 1 minuto de felicidade,0,[]
1275752130746474497,2020-06-24 11:26:24,"Rio Grande do Sul, Brasil","RT @freeOrochi: Corra o risco. Se der certo, felicidade. Se nÃ£o, sabedoria.",4592,[]
1275752095325487106,2020-06-24 11:26:16,,DÃ¡ atÃ© medo de expor a felicidade da gente nas redes sociais. Credo,0,[]
1275752087612252165,2020-06-24 11:26:14,"ğ¬ğ®ğ§ğŸğ¥ğ¨ğ°ğğ«, ğ¯ğ¨ğ¥ ğŸ”",@henriques__diog oh siiim!! aÃ­ atÃ© vou Ã© chorar de felicidade!!!!!,0,[]
1275752083015249926,2020-06-24 11:26:13,,"minha felicidade Ã© ver minha filha bem e feliz, todo dia eu oro pela vida dela. Pois Ã© a Ãºnica coisa que eu tenho de mais precioso nesse mundo.",0,[]
1275752074857373696,2020-06-24 11:26:11,"MaricÃ¡, Brasil","RT @FLeal22: Caralho, olha o semblante de felicidade ao conquistar o ""bÃ¡sico"" pra sobreviver. Meu Deus, pq eu reclamo tanto... ğŸ˜­ğŸ˜­",670,[]
1275752058214383617,2020-06-24 11:26:07,"Central City, KY",Pra ter felicidade preciso de vocÃª ao lado meu.. ğŸ¶,0,[]
1275752034944368641,2020-06-24 11:26:02,SÃ£o Paulo,"E vamos de felicidade porque hoje estreou em todas as plataformas digitais, o primeiro ponto do canal Cantando pra Umbanda. Eu sou Tiriri ğŸ¥³ğŸ¥³ğŸ¥³ğŸ¥³ğŸ¥³",0,[]
1275752030733205505,2020-06-24 11:26:01,,@sinadefenses Tudo para ver a felicidade desse fandom! ğŸ’™,0,[]
1275751977121722368,2020-06-24 11:25:48,"Rio de Janeiro, Brasil","parabÃ©ns MirmÃ£, todo sucesso e felicidade do mundo pra vocÃª que vocÃª merece! Te AmoğŸ˜ğŸ’–ğŸ¥³ğŸ¥³ https://t.co/pJKUJckJXK",0,[]
1275751972696702976,2020-06-24 11:25:47,Vicente de Carvalho,@gonzalzzx hospital da felicidade sÃ³ se for,0,[]
1275751961598595073,2020-06-24 11:25:44,,"RT @freeOrochi: Corra o risco. Se der certo, felicidade. Se nÃ£o, sabedoria.",4592,[]
1275751948164136960,2020-06-24 11:25:41,Lordelo/Paredes,"RT @freeOrochi: Corra o risco. Se der certo, felicidade. Se nÃ£o, sabedoria.",4592,[]
1275751948155785216,2020-06-24 11:25:41,,"RT @freeOrochi: Corra o risco. Se der certo, felicidade. Se nÃ£o, sabedoria.",4593,[]
1275751920217489408,2020-06-24 11:25:34,salvador Bahia Brasil. ,@anes60982088 Bom diağŸŒœğŸŒğŸŒ› querido amigo Anes com muita alegria e felicidade no rosto e no CORAÃ‡ÃƒO. Olha que coisas mais lindas e fofas do mundo ğŸŒ. Esse Ã© o infinito Reino de amor de DEUS NOSSO SENHOR. ğŸ’šğŸ’™ğŸ’–ğŸ’ğŸ’œğŸ£ğŸ¥ğŸ§ğŸ•ŠğŸ•ŠğŸ’—ğŸ’—ğŸ’–ğŸ’œğŸ’›,0,[]
1275751904405073922,2020-06-24 11:25:30,IjuÃ­ RS,"RT @pqpBraz: Se ama sem medo mana, que o medo nunca Ã© felicidade ğŸ¶ https://t.co/TqaFOMcWqx",2,[]
1275751898692431872,2020-06-24 11:25:29,,RT @sinktoriay: a felicidade no rosto da sadie quando o noah quebrou o boneco sempre vai ser perfeito https://t.co/HrjQrxOfVr,58,[]
1275751896532373505,2020-06-24 11:25:29,smwere betwn ur lips and hell,EU VOU  HORAR DE FELICIDADE PULAR BERRAR MANU EU TE AMO https://t.co/Jglw8tYfRx,0,[]
1275751872012353540,2020-06-24 11:25:23,â‚â‚ˆâ‚â‚€â‚â‚‰ Ö´Ö¶Ö¸ ,"eu sou capaz de explodir de felicidade, por deus. eu tava com tanta saudade dele. meu coraÃ§Ã£o tÃ¡ quentinho, cheio de amor e carinho pelo Jongdae. eu sinto tanto orgulho dele ğŸ˜­ğŸ’–",0,[]
1275751851900706816,2020-06-24 11:25:18,SuÃ­Ã§a,"RT @freeOrochi: Corra o risco. Se der certo, felicidade. Se nÃ£o, sabedoria.",4593,[]
1275751845709955076,2020-06-24 11:25:16,Jardim AmÃ©rica ,RT @menorleguii: Que a felicidade tome conta de todo o seu dia Bom dia! ğŸ˜„,2,[]
1275751831654801409,2020-06-24 11:25:13,Inferno,"RT @Supermann_Sdv: Tomara que a felicidade te pegue de jeito, e nÃ£o te solte nunca mais... Vou achar bem feito porque vocÃª vai ganhar o queâ€¦",8,[]
1275751807235641345,2020-06-24 11:25:07,"VÃ¡rzea Paulista, Brasil","Bo0m diia!VocÃª sÃ³ encontra SEU LUGAR NO MUNDO e se sente encaixado, quando estÃ¡ PRONTO para SER AMIGO da TERRA e de todos os FILHOS DELA. Em outras palavras, vocÃª sÃ³ alcanÃ§a a felicidade duradoura quando DESEJA VER o OUTRO FELIZ..NamastÃª ğŸ’“ UmaFELIZ e ILUMINADA quarta feira anÃ³s https://t.co/kOJFS4cjQC",0,[]
1275751795948752901,2020-06-24 11:25:05,062,RT @Barn_country1: DINHEIRO NÃƒO TRAZ FELICIDADE   MAS DA PRA COMPRAR UMA F250 E UMA FAZENDA CHEIA DE GADO QUE Ã‰ A MESMA COISA,7,[]
1275751793532829699,2020-06-24 11:25:04,BRASIL,NÃ£o consigo entender estÃ¡ tal de felicidade com curtidas. ğŸ¤”ğŸ¤”ğŸ¤”ğŸ˜ https://t.co/exn04rUHYT,0,[]
1275751777619582977,2020-06-24 11:25:00,"Lisboa, Portugal",â€œah professora quero um 3â€ â€œvou te dar um 4 sÃ³ pra pra ficares chateadaâ€  na minha mente: â€œto atÃ© chorando aqui... sÃ³ que de felicidade KKKKKKKKKKKâ€,0,[]
1275751768828391424,2020-06-24 11:24:58,Bxd/Zn,"RT @freeOrochi: Corra o risco. Se der certo, felicidade. Se nÃ£o, sabedoria.",4593,[]
1275751711496376321,2020-06-24 11:24:44,ğ—ğğ—¡ğ—šğ——ğ ğ—˜ - ğŸ­ğŸµğŸµğŸ®,NO MEIO DESSE HATE TODO NELE ELE APARECEU ESSE HOMEM EH FORTE MESMO O MUNDO N TE MERECE CHEN NEM UM POUCO VOCÃŠ Ã‰ PERFEITO E MERECE TODA A FELICIDADE DO MUNDOAAAAAA,1,[]
1275751702097014784,2020-06-24 11:24:42,VDA,@bahiano___ @strgzr__ chora de felicidade,0,[]
1275751701354610688,2020-06-24 11:24:42,ğŸ‘‡Continue se DesenvolvendoğŸ‘‰,"@MenteSapiente Seja saudÃ¡vel sobre :  - Quem vc ama - O que vc pensa - O que vocÃª faz com seu corpo  Mas seja apenas sÃ©rio, com quem te maltra e te rouba a felicidade.  Espalhe saÃºde para todo o resto.",0,[]
1275751692362035203,2020-06-24 11:24:40,Inferno,RT @Felicitysdv: Que a felicidade chegue E que seja minha melhor rotina  #QuartaImperioDoSDV https://t.co/s4vZGkBrQi,7,['QuartaImperioDoSDV']
1275751682559881217,2020-06-24 11:24:38,,"@LUHANJAUNE Por favor?????? A felicidade, meu deus ğŸ¥º",0,[]
1275751668592893957,2020-06-24 11:24:34,,"@MeaPersona acabou com a minha felicidade, obg",0,[]
1275751663849091073,2020-06-24 11:24:33,"Campos dos Goytacazes, Brasil","A aÃ§Ã£o nem sempre traz felicidade, mas nÃ£o hÃ¡ felicidade sem aÃ§Ã£o.  #QuartaEsquadraoSDV",0,['QuartaEsquadraoSDV']
1275751627715162112,2020-06-24 11:24:25,somewhere over the rainbow,RT @bbeatrizfig: Acho que vou chorar de felicidade quando finalmente me vir livre dos exames fds,18,[]
1275751613085495297,2020-06-24 11:24:21,,RT @ConexaoBTSBR: ğŸ“½ï¸ A felicidade dos soulmates tirando um ao outro. ğŸ¥ºğŸ‘‰ğŸ½ğŸ‘ˆğŸ½  @BTS_twt  https://t.co/e8n7uMHtuM,161,[]
1275751611487391744,2020-06-24 11:24:21,From ExoPlanet,"Eu tÃ´ chorando Chorando de felicidade De orgulho Eu te amo, JongDae VocÃª Ã© tudo pra mim https://t.co/SHVao061l2",0,[]
1275751596891176960,2020-06-24 11:24:17,,"RT @freeOrochi: Corra o risco. Se der certo, felicidade. Se nÃ£o, sabedoria.",4593,[]
1275751590918524929,2020-06-24 11:24:16,"Rio Grande do Sul, Brasil","RT @freeOrochi: Corra o risco. Se der certo, felicidade. Se nÃ£o, sabedoria.",4593,[]
1275751580193771520,2020-06-24 11:24:13,"Rio de Janeiro, Brasil","RT @freeOrochi: Corra o risco. Se der certo, felicidade. Se nÃ£o, sabedoria.",4593,[]
1275751558429528064,2020-06-24 11:24:08,Curitiba,@vanaiciuszem Meu sentimento de felicidade Ã© quando compro uma coxinha ğŸ™ƒ,0,[]
1275751541664813056,2020-06-24 11:24:04,,"Acredito eu que o sofrimento Ã© criado por nÃ³s mesmo, quando vocÃª quer alguma coisa. ImpossÃ­vel nÃ£o acontecer quando se tÃ¡ focado na sua felicidade!!",0,[]
1275751529635614722,2020-06-24 11:24:01,,"RT @freeOrochi: Corra o risco. Se der certo, felicidade. Se nÃ£o, sabedoria.",4593,[]
1275751515836370945,2020-06-24 11:23:58,PaÃ§os de Ferreira,"RT @freeOrochi: Corra o risco. Se der certo, felicidade. Se nÃ£o, sabedoria.",4593,[]
1275751504528519168,2020-06-24 11:23:55,"Rio de Janeiro, Brasil","RT @Fael_Americano: Ã‰ muito gratificante ver pessoas assim cara, e o melhor do vÃ­deo Ã© ver a cara dela de felicidade e gratidÃ£o ğŸ¥º",1,[]
1275751485570256896,2020-06-24 11:23:51,"Americana, Brasil",ai amem que minha facul vai tentar voltar pelo menos com as aulas prÃ¡ticas semestre que vem vou chorar de felicidade,0,[]
1275751478209191941,2020-06-24 11:23:49,,"RT @FLeal22: Caralho, olha o semblante de felicidade ao conquistar o ""bÃ¡sico"" pra sobreviver. Meu Deus, pq eu reclamo tanto... ğŸ˜­ğŸ˜­",670,[]
1275751461486551041,2020-06-24 11:23:45,rj/zo,"@nbrxlk @Grxxnk aaaa, toda felicidade do mundo pra vocÃªs, vocÃªs merecem demaaaaais ğŸ’–",0,[]
1275751446038769664,2020-06-24 11:23:41,vai dar stream em on porra,"PERGUNTA: sÃ³ eu que to achando o tae magrinho demais? e sÃ³ eu que to num misto de felicidade e desconforto com o hobi fazendo pulseirinhas, pq no bangbangcon ele deixou meio claro que nÃ£o tava gostando muito?  https://t.co/EobIgoYiey",0,[]
1275751378804191233,2020-06-24 11:23:25,STL-BPP ,RT @lorenaaGabriel: Sua felicidade Ã© a minha ğŸ¥°ğŸ¥°ğŸ˜ https://t.co/8NADnhlB2p,219,[]
1275751375641686018,2020-06-24 11:23:24,GRU/SÃ£o Paulo,"O melhor presente q vocÃª pode dar a alguÃ©m Ã© o seu tempo!  Dedique + do seu tempo para Deus, famÃ­lia e amigos. Felicidade no dia a dia.",0,[]
1275751357664972801,2020-06-24 11:23:20,,"RT @freeOrochi: Corra o risco. Se der certo, felicidade. Se nÃ£o, sabedoria.",4593,[]
1275751352417898496,2020-06-24 11:23:19,,"RT @FLeal22: Caralho, olha o semblante de felicidade ao conquistar o ""bÃ¡sico"" pra sobreviver. Meu Deus, pq eu reclamo tanto... ğŸ˜­ğŸ˜­",670,[]
1275751350761074688,2020-06-24 11:23:18,Igor 11.11.2019ğŸ˜­ğŸ˜­ğŸ‘¨â€ğŸ‘¨â€ğŸ‘¦,"RT @Beasantooos13: NÃ£o precisava ela dizer nada, a cara dela de felicidade jÃ¡ diz tudo! Que bom ainda existe pessoas de bom coraÃ§Ã£o ğŸ™ğŸ½ğŸ¤©",813,[]
1275751307370995714,2020-06-24 11:23:08,salvador Bahia Brasil. ,@zazafontaine42 @KatanaHugo Um GRANDE espetÃ¡culo fascinante de pura beleza da mÃ£e natureza sorrindo para vocÃª e lhe desejando muita alegria e felicidade ğŸ’šğŸ’™ğŸ’–ğŸ’ğŸ’›. Linda demais,0,[]
1275751287137677312,2020-06-24 11:23:03,Favela da Vk.,"RT @freeOrochi: Corra o risco. Se der certo, felicidade. Se nÃ£o, sabedoria.",4593,[]
1275751250802479105,2020-06-24 11:22:55,"Porto Alegre, Rio Grande do Su","Felicidade em acordar e lembrar q hoje vou fazer uma lasanha fit e sem carne, sÃ³ n sei ainda o que por mas quando for fazer descubro auiahauahuaha",0,[]
1275751250454339584,2020-06-24 11:22:55,ChapecÃ³,"RT @freeOrochi: Corra o risco. Se der certo, felicidade. Se nÃ£o, sabedoria.",4593,[]
1275751240174100482,2020-06-24 11:22:52,"SÃ£o FidÃ©lis, RJ",Meu coraÃ§Ã£o tÃ¡ explodindo de felicidade Bom dia,0,[]
1275751201389391874,2020-06-24 11:22:43,Na Sua ğŸ˜›,"RT @freeOrochi: Corra o risco. Se der certo, felicidade. Se nÃ£o, sabedoria.",4593,[]
1275751197417275392,2020-06-24 11:22:42,,Que essa felicidade vire rotina!!! Obrigado senhorrrrrr,0,[]
1275751159010123781,2020-06-24 11:22:33,"Viseu, Portugal","Ãšltima aula de portuguÃªs, nem sei como expressar a minha felicidade",1,[]
1275751147068968960,2020-06-24 11:22:30,,RT @bbeatrizfig: Acho que vou chorar de felicidade quando finalmente me vir livre dos exames fds,18,[]
1275751128416821252,2020-06-24 11:22:25, chalÃ© 3 â€¢ 15/?? ğŸ“š ,"@normandetaiIs jÃ¡ tomei sim, tomei numa felicidade sÃ³ jÃ¡ q hoje nÃ£o vou ter ead kkk e vc??",0,[]
1275751126823063552,2020-06-24 11:22:25,"Santa Maria da Feira, Portugal","RT @freeOrochi: Corra o risco. Se der certo, felicidade. Se nÃ£o, sabedoria.",4593,[]
1275751125208256513,2020-06-24 11:22:25,,"RT @TentacaoOFC_: Corra o risco. Se der certo, felicidade. Se nÃ£o, sabedoria.",156,[]
1275751090177409024,2020-06-24 11:22:16,morro do blackpink,- NÃ£o vou tentar essa porra nÃ£o  - Porra ridÃ­cula ninguÃ©m consegue fazer isso  - Vai tomar no cu todo mundo tambÃ©m haaa porra  - Felicidade pra que porra vai todo mundo morrer  - caralho tÃ´ horrÃ­vel KKKKKKKK  Esta sou eu. https://t.co/LytzURHs53,0,[]
1275751083072159745,2020-06-24 11:22:15,Porto Alegre RS Brasil,"RT @PauloSi80878313: â€œNÃ£o estamos interessados no bem dos outros; sÃ³ nos interessa o poder em si. Nem riqueza, nem luxo, nem vida longa, neâ€¦",1,[]
1275751051728228355,2020-06-24 11:22:07,,RT @positividadezin: Lembre-se que hoje vocÃª tem a chance de fazer diferente. O seu sucesso e a sua felicidade dependem das suas escolhas,47,[]
1275751041372499969,2020-06-24 11:22:05,,"RT @marisapimenta01: Olho para ti e fico a chorar, por 2 sÃ­tios, de felicidade",3,[]
1275751027011137538,2020-06-24 11:22:01,mdzs . anime . ex9,EU VO EXPLODIR DE FELICIDADE CARALHO JONGDAE EU TE AMO DEMAIS,0,[]
1275751014721884162,2020-06-24 11:21:58,,RT @cincopalavras: Cristo Ã© a definiÃ§Ã£o de felicidade.,37,[]
1275751002637991937,2020-06-24 11:21:55,"Leiria, Portugal","RT @freeOrochi: Corra o risco. Se der certo, felicidade. Se nÃ£o, sabedoria.",4593,[]
1275750994433978368,2020-06-24 11:21:54,"Belo Horizonte, Brasil",RT @QueridoTextos: A felicidade aparece para aqueles que choram. Para aqueles que se machucam. Para aqueles que buscam e tentam sempre.,72,[]
1275750994396229632,2020-06-24 11:21:54,Ãrea de risco ğŸ™…ğŸ»â€â™‚ï¸,"RT @FLeal22: Caralho, olha o semblante de felicidade ao conquistar o ""bÃ¡sico"" pra sobreviver. Meu Deus, pq eu reclamo tanto... ğŸ˜­ğŸ˜­",670,[]
1275750926033260545,2020-06-24 11:21:37,ğŸ“Americana ,"RT @Kayky_00: Hoje em dia tem q ser tudo no sigilo, pq ninguÃ©m tÃ¡ querendo sua felicidade nÃ£o",1,[]
1275750919456665600,2020-06-24 11:21:36,Brasil ,"RT @freeOrochi: Corra o risco. Se der certo, felicidade. Se nÃ£o, sabedoria.",4594,[]
1275750901412696064,2020-06-24 11:21:31,divicity,felicidade,0,[]
1275750899252695040,2020-06-24 11:21:31,Brasil,"RT @philippmarcas: Felicidade nÃ£o se expÃµe, se vive.",73,[]
1275750895440052225,2020-06-24 11:21:30,Brasil,"RT @freeOrochi: Corra o risco. Se der certo, felicidade. Se nÃ£o, sabedoria.",4594,[]
1275750893611343874,2020-06-24 11:21:29,,"me afastar de pessoas que me deixam mal, que nÃ£o ficam feliz com a minha felicidade e nÃ£o torcem por mim, estÃ¡ sendo uma das melhores coisas ğŸ™ŒğŸ¼ğŸ™ŒğŸ¼",0,[]
1275750890700488704,2020-06-24 11:21:29,EstÃ¡dio JosÃ© Alvalade XXI,Felicidade aka correr sem doer os joelhos :),0,[]
1275750870521708544,2020-06-24 11:21:24,"Santo Tirso, Portugal",RT @bbeatrizfig: Acho que vou chorar de felicidade quando finalmente me vir livre dos exames fds,18,[]
1275750870391676929,2020-06-24 11:21:24,"Rio de Janeiro, Brasil",RT @tipobin: A alegria de fazer o bem Ã© a Ãºnica felicidade verdadeira.,54,[]
1275750868533612546,2020-06-24 11:21:24,in my little world,"RT @jikookbrave: vamos de sinceridade? votar no soribada Ã© um saco, ter que ficar recarregando os coraÃ§Ãµes Ã© chato pra cacete, mas vamos peâ€¦",476,[]
1275750866600038402,2020-06-24 11:21:23,"OsÃ³rio, Brasil",ParabÃ©ns ao ET! O maior que vi jogar! Tive a felicidade de acompanhar ele do estÃ¡dio na copa AmÃ©rica! https://t.co/xa4OridrTv,0,[]
1275750859054317569,2020-06-24 11:21:21,,"RT @freeOrochi: Corra o risco. Se der certo, felicidade. Se nÃ£o, sabedoria.",4594,[]
1275750858324692992,2020-06-24 11:21:21,,"â€œO indivÃ­duo que muda de cidade como fator primordial para encontrar a felicidade tem uma ilusÃ£o parecida com o sujeito que se torna adepto de uma religiÃ£o na crenÃ§a de q, pelo mero fato de entrar na igreja, farÃ¡ dele uma pessoa melhor ou que serÃ¡ garantia de um encontro com Deus https://t.co/BTiEBGyf4L",0,[]
1275750843841761280,2020-06-24 11:21:18,Brasil,RT @Felicitysdv: A paz interior Ã‰ a felicidade da alma #QuartaImperioDoSDV https://t.co/C3lEiiWoON,4,['QuartaImperioDoSDV']
1275750814368387075,2020-06-24 11:21:11,"Rio de Janeiro, Brasil","RT @Soupluraledemo1: E o homem nem fala em se candidatar. Imaginem qdo ele disser: ""Se Ã© para o bem de todos e a felicidade geral da naÃ§Ã£o""â€¦",22,[]
1275750755585134592,2020-06-24 11:20:57,,Todos os dias 8:20 o padeiro passa e meus cachorros comeÃ§ar a lati de felicidade porque ele joga pao pra eles,0,[]
1275750739101581312,2020-06-24 11:20:53,021,"RT @FLeal22: Caralho, olha o semblante de felicidade ao conquistar o ""bÃ¡sico"" pra sobreviver. Meu Deus, pq eu reclamo tanto... ğŸ˜­ğŸ˜­",670,[]
1275750735959949316,2020-06-24 11:20:52,"Garopaba, Brasil",@Robson0802 A cara de felicidade de quem teve que levantar cedo https://t.co/CHrtYJRNPr,0,[]
1275750730188627969,2020-06-24 11:20:51,Marte,"RT @freeOrochi: Corra o risco. Se der certo, felicidade. Se nÃ£o, sabedoria.",4595,[]
1275750715374346241,2020-06-24 11:20:47,250519â™¡ | {ğŸ¯+ğŸ°} ,ELE MEXENDO NO CABELINHO QUE ODIO KIM TAEHYUNG EU TE AMO MAIS QUE TUDO QUE INFERNO VOCÃŠ Ã‰ O AMOR DA MINHA VIDA RAZÃƒO DO MEU VIVER MEU TIGRINHO MEU NENE MEU FILHO MEU AMOR MEU DENGO MINHA FELICIDADE MINHA ALEGRIA RAZÃƒO DOS MEUS SORRISOS QUE ODIO EU TE AMO  https://t.co/BCwtF1zk0D,0,[]
1275750682532904963,2020-06-24 11:20:39,CarlosğŸ’ğŸ’‘,"RT @FLeal22: Caralho, olha o semblante de felicidade ao conquistar o ""bÃ¡sico"" pra sobreviver. Meu Deus, pq eu reclamo tanto... ğŸ˜­ğŸ˜­",670,[]
1275750667865460741,2020-06-24 11:20:36,,"RT @freeOrochi: Corra o risco. Se der certo, felicidade. Se nÃ£o, sabedoria.",4595,[]
1275750665525084165,2020-06-24 11:20:35,,"ele simplesmente nÃ£o pode viver a vida dele essas antis sÃ£o nem sei que palavras usar sÃ©rio, mano elas querem impedir a felicidade dele, sabe o quanto isso Ã© doentio? impedir a felicidade de alguÃ©m por caprichos prÃ³prios isso Ã© muito horrivel, e merda da sm faz nada",0,[]
1275750664497516549,2020-06-24 11:20:35,ig: beatrizf20 à¥,Nem acredito A minha irmÃ£ passou no cÃ³digo finalmente ai to a chorar de felicidade sua lindaaaa,0,[]
1275750635644825601,2020-06-24 11:20:28,,"@ffcdudex @sweetcrvturez eu chorando de felicidade pq tirei 6,0",0,[]
1275750622768304128,2020-06-24 11:20:25,Mutuals & Daehyunâ™¥ï¸,A CARINHA DE FELICIDADE DEEELE ğŸ¤§â™¥ï¸â™¥ï¸â™¥ï¸â™¥ï¸â™¥ï¸â™¥ï¸â™¥ï¸â™¥ï¸â™¥ï¸ https://t.co/ApleBHkbd8,0,[]
1275750616246235138,2020-06-24 11:20:23,"NiterÃ³i, Brasil","O professor da matÃ©ria que achei que ia reprovar, falou que nÃ£o tem ninguÃ©m que vai ser reprovado na matÃ©ria dela, primeira felicidade do dia :) ;)",0,[]
1275750606314131457,2020-06-24 11:20:21,gg&bg stan ğŸ’• â€¢ ğŸ³ï¸â€ğŸŒˆ pride ,"RT @LIN0ART: O Felix gosta que chamem ele de sol, seu apelido Ã© Haengbok que quer dizer felicidade, seu nome em inglÃªs significa ""uma fonteâ€¦",105,[]
1275750605781336065,2020-06-24 11:20:21,"Arraial do Cabo, Brasil","RT @freeOrochi: Corra o risco. Se der certo, felicidade. Se nÃ£o, sabedoria.",4596,[]
1275750599183814658,2020-06-24 11:20:19,"EspÃ­rito Santo, Brasil","RT @freeOrochi: Corra o risco. Se der certo, felicidade. Se nÃ£o, sabedoria.",4596,[]
1275750589465604104,2020-06-24 11:20:17,SUA CASA ğŸ”¥,"RT @moFitaz: Poder ver a felicidade dela e dessas 2 crianÃ§as ao ter alimento na mesa, foi sem duvidas gratificante, ouvir o garoto gritandoâ€¦",248,[]
1275750582758838278,2020-06-24 11:20:15,"Dom Bosco , Nova IguaÃ§u","RT @FLeal22: Caralho, olha o semblante de felicidade ao conquistar o ""bÃ¡sico"" pra sobreviver. Meu Deus, pq eu reclamo tanto... ğŸ˜­ğŸ˜­",670,[]
1275750574722555907,2020-06-24 11:20:13,"Rio de Janeiro, Brasil","@GilsileneD33 ParabÃ©ns feinha, tudo de bom, muita saÃºde, paz, amr, felicidade e dinheiro no bolso, paga o gelo ğŸ‘ğŸ¥³ğŸº",0,[]
1275750564295565312,2020-06-24 11:20:11,,"RT @freeOrochi: Corra o risco. Se der certo, felicidade. Se nÃ£o, sabedoria.",4596,[]
1275750547602235392,2020-06-24 11:20:07,"SÃ£o Paulo, Brasil",@soulanja Beijo no seu coraÃ§Ã£o menina. Desejo que nunca lhes falte amor e felicidade. @fatouoficial @MarceloAdnet @emicida @YuriMarcal @felipeneto,0,[]
1275750534016905216,2020-06-24 11:20:04,"NiterÃ³i, Brasil","RT @Beasantooos13: NÃ£o precisava ela dizer nada, a cara dela de felicidade jÃ¡ diz tudo! Que bom ainda existe pessoas de bom coraÃ§Ã£o ğŸ™ğŸ½ğŸ¤©",813,[]
1275750530778873857,2020-06-24 11:20:03,,"RT @freeOrochi: Corra o risco. Se der certo, felicidade. Se nÃ£o, sabedoria.",4596,[]
1275750526878187520,2020-06-24 11:20:02,,minha casa. minha vida. minha felicidade.  BILLIE WE LOVE YOU https://t.co/czY65jhblu,0,[]
1275750523988324352,2020-06-24 11:20:01,"Itaquaquecetuba, Brasil","Que a felicidade, te abrace forte e faÃ§a morada no seu coraÃ§Ã£o! Bom dia!! Venha atÃ© nossa loja: Avenida Marginal um,1985 Vila Virginia, Itaquaquecetuba. FaÃ§a seu pedido 11 4646-6800 https://t.co/t6BK9E0T2a",0,[]
1275750521740107776,2020-06-24 11:20:01,"Curitiba, Brasil",RT @oemputecido: â€œdinheiro n compra felicidadeâ€  sÃ³ se vc n souber gastar,1907,[]
1275750510910410752,2020-06-24 11:19:58,exoplanet,MDS EU JÃ TAVA INDO DORMIR NOSSA CARAS NÃƒO ACREDITO EU TÃ” CHORANDO DE FELICIDADE,0,[]
1275750501607526403,2020-06-24 11:19:56,Brasil,"RT @Supermann_Sdv: Tomara que a felicidade te pegue de jeito, e nÃ£o te solte nunca mais... Vou achar bem feito porque vocÃª vai ganhar o queâ€¦",8,[]
1275750499577409536,2020-06-24 11:19:56,,RT @guedesvaler_mo: Para tudo!! Meu Presidente tÃ¡ me seguindo â¤â¤â¤ğŸ˜ğŸ¤—ğŸ¤—â¤â¤ğŸš©ğŸš© Felicidade Ã© meu nome ğŸ¤—â¤ğŸ˜ Obrigada Presidente Lula @LulaOficial  Sâ€¦,68,[]
1275750489817321479,2020-06-24 11:19:53,,"RT @gabbiigoll: Uma drena ser pobre , prefiro ser pobre e feliz do q esses ricos q n tem felicidade nenhuma",8,[]
1275750465075101697,2020-06-24 11:19:47,Complexo da Coruja,Olha a felicidade dessa pessoa com tÃ£o pouco.. eu reclamo de barriga cheia. ğŸ˜£ https://t.co/DhIEDv5CWG,0,[]
1275750463015698432,2020-06-24 11:19:47,serocity,"RT @freeOrochi: Corra o risco. Se der certo, felicidade. Se nÃ£o, sabedoria.",4596,[]
1275750444434931715,2020-06-24 11:19:42,"Rio de Janeiro, Brasil","RT @freeOrochi: Corra o risco. Se der certo, felicidade. Se nÃ£o, sabedoria.",4596,[]
1275750441293357057,2020-06-24 11:19:42,Brasil,RT @Felicitysdv: Que a felicidade chegue E que seja minha melhor rotina  #QuartaImperioDoSDV https://t.co/s4vZGkBrQi,7,['QuartaImperioDoSDV']
1275750424562282504,2020-06-24 11:19:38,MÃ£e eu te amo ğŸ’œ  Ogro ğŸ’ ,"Acordei com uma felicidade , gratidÃ£o ğŸ™",0,[]
1275750400738680832,2020-06-24 11:19:32,caxias city,"RT @FLeal22: Caralho, olha o semblante de felicidade ao conquistar o ""bÃ¡sico"" pra sobreviver. Meu Deus, pq eu reclamo tanto... ğŸ˜­ğŸ˜­",670,[]
1275750380589191172,2020-06-24 11:19:27,Complexo do B.a,"RT @freeOrochi: Corra o risco. Se der certo, felicidade. Se nÃ£o, sabedoria.",4596,[]
1275750375845437440,2020-06-24 11:19:26,,RT @luanalemesss: sÃ³ queria experimentar um copo da felicidade ğŸ˜«,5,[]
1275750365925978113,2020-06-24 11:19:24,,Ele me traz uma JosÃ© de uma felicidade KKKKKKKKKKKKKKKKğŸ¥°,0,[]
1275750326885404673,2020-06-24 11:19:14,,"RT @freeOrochi: Corra o risco. Se der certo, felicidade. Se nÃ£o, sabedoria.",4596,[]
1275750315778859009,2020-06-24 11:19:12,hentai worldâ™¥ï¸,"RT @drawlion_: Liadan Lavelan  Personagem Elfo que fiz pra um Rpg que tÃ´ participando. ( sim, sÃ£o runas do senhor dos anÃ©is atrÃ¡s)   RT+â¤=â€¦",3,[]
1275750312377298944,2020-06-24 11:19:11,"Paris, France","RT @Beasantooos13: NÃ£o precisava ela dizer nada, a cara dela de felicidade jÃ¡ diz tudo! Que bom ainda existe pessoas de bom coraÃ§Ã£o ğŸ™ğŸ½ğŸ¤©",813,[]
1275750272854372353,2020-06-24 11:19:01,,"RT @Tupacfalando: Corra o risco. Se der certo, felicidade. Se nÃ£o, sabedoria.",2433,[]
1275750261651374081,2020-06-24 11:18:59,"Torres Vedras, Portugal","RT @freeOrochi: Corra o risco. Se der certo, felicidade. Se nÃ£o, sabedoria.",4596,[]
1275750246572851200,2020-06-24 11:18:55,,"RT @Tupacfalando: Corra o risco. Se der certo, felicidade. Se nÃ£o, sabedoria.",2433,[]
1275750245410971648,2020-06-24 11:18:55,,"RT @freeOrochi: Corra o risco. Se der certo, felicidade. Se nÃ£o, sabedoria.",4596,[]
1275750244207276034,2020-06-24 11:18:55,Santo AndrÃ©,"RT @soulanja: Hoje, aos 35 anos chorei por uma hora de felicidade, por ter feito as compras que sempre sonhei dar pra minha mÃ£e, e paguei câ€¦",112,[]
1275750179778572290,2020-06-24 11:18:39,,RT @Eoq_Bangtan2: Apenas relembrando o dia em que todos os membros visitaram Hobi no set de Daydream e a absoluta felicidade em seu rosto qâ€¦,139,[]
1275750176574103554,2020-06-24 11:18:39,apaxonado pelo hyuck,"eu poderia te beijar pra sempre, eu poderia te tocar pra sempre, eu poderia te sentir pra sempre apenas por ser vocÃª, vocÃª Ã© a razÃ£o da minha felicidade diÃ¡ria, sem o seu bom dia o meu dia nÃ£o comeÃ§a e sem seu boa noite o meu dia nÃ£o termina, apenas ouvir a sua voz me acalma",0,[]
1275750175764611073,2020-06-24 11:18:38, Ot7,"RT @poxaasi: aÃ­ mano eu amo tanto o hobi que me doe, ver ele sorrindo, brincando, fazendo coisas que ele gosta Ã© a minha felicidade pq eleâ€¦",54,[]
1275750173420015616,2020-06-24 11:18:38,"Belo Horizonte, Brasil","RT @Cruzeiro: @CECAninha Com uma camisa linda assim, felicidade na certa!",2,[]
1275750171914244097,2020-06-24 11:18:37,,"@d_jeysa a felicidade do outro incomoda pra caralho nÃ©, ti fude",0,[]
1275750166390353921,2020-06-24 11:18:36,,"RT @freeOrochi: Corra o risco. Se der certo, felicidade. Se nÃ£o, sabedoria.",4596,[]
1275750146601553922,2020-06-24 11:18:31,SÃ£o GonÃ§alo,"RT @FLeal22: Caralho, olha o semblante de felicidade ao conquistar o ""bÃ¡sico"" pra sobreviver. Meu Deus, pq eu reclamo tanto... ğŸ˜­ğŸ˜­ https://tâ€¦",670,[]
1275750145330753536,2020-06-24 11:18:31,,"RT @freeOrochi: Corra o risco. Se der certo, felicidade. Se nÃ£o, sabedoria.",4596,[]
1275750129765617664,2020-06-24 11:18:27,,"RT @FLeal22: Caralho, olha o semblante de felicidade ao conquistar o ""bÃ¡sico"" pra sobreviver. Meu Deus, pq eu reclamo tanto... ğŸ˜­ğŸ˜­",670,[]
1275750126506651649,2020-06-24 11:18:27,"Guatupe, SÃ£o JosÃ© dos Pinhais","RT @freeOrochi: Corra o risco. Se der certo, felicidade. Se nÃ£o, sabedoria.",4596,[]
1275750104918568961,2020-06-24 11:18:21,MaricÃ¡/RJ,"@Math_louback cada um com 2 real, a felicidade era barata e eu nem sabia",0,[]
1275750094290276353,2020-06-24 11:18:19,2785,"RT @freeOrochi: Corra o risco. Se der certo, felicidade. Se nÃ£o, sabedoria.",4596,[]
1275750029777567746,2020-06-24 11:18:04,"Ilha do Governador, rj ",RT @dudamouracrf: por isso nÃ£o posto mais porra nenhuma mt inveja na felicidade dos outros tmlc.....,2,[]
1275750024744402947,2020-06-24 11:18:02,,"a semelhanÃ§a entre o arco-Ã­ris e a felicidade, Ã© que ambos aparecem depois da tempestade!!!  BOM DIA NA PAZ ğŸ¤",0,[]
1275750022899019777,2020-06-24 11:18:02,,"@giuucartaxo @giuucartaxo duas pessoas tweetando sobre felicidade acabam ficando ainda mais felizes, conheÃ§a @jongisgod, conversem e saiam da tristeza!",0,[]
1275750021015707648,2020-06-24 11:18:01,$C 047 ğŸŠ,Quanta falsidade quanta hipocrisia rola minha cota de felicidade eu quero em dÃ³lar!,0,[]
1275750009573695489,2020-06-24 11:17:59,,"RT @freeOrochi: Corra o risco. Se der certo, felicidade. Se nÃ£o, sabedoria.",4596,[]
1275750006826336256,2020-06-24 11:17:58,em casa (vc tbm deveria),@juleoeluj felicidade tbm Ã© coisa de corno,0,[]
1275749999113113601,2020-06-24 11:17:56,"Cabo Frio, Brasil","RT @AquiCapricornio: #CapricÃ³rnio O negÃ³cio Ã© arriscar. Se der certo, Ã© felicidade. Se der errado, Ã© aprendizado",68,['CapricÃ³rnio']
1275749991169097729,2020-06-24 11:17:54,"AraguaÃ­na, Tocantins, Brasil","RT @NossaAraguaina: Nascer Ã© milagre, estar vivo Ã© presente, ter saÃºde Ã© benÃ§Ã£o, viver em paz Ã© felicidade.  VocÃª jÃ¡ se deu conta disso? BOâ€¦",1,[]
1275749990292508672,2020-06-24 11:17:54,Any pronouns,EU TO SOZINHA EM CASA PORRA EU VOU CHORAR DE FELICIDADE,0,[]
1275749971275505664,2020-06-24 11:17:50,"BrasÃ­lia, Brasil",RT @Quintessence_n: O ser humano Ã© muito filha da puta de que querer estragar a felicidade dos outros. Espero que essa menina tenha forÃ§a dâ€¦,4,[]
1275749962660352002,2020-06-24 11:17:48,"Rio Claro, Brasil","Confiar em Deus nÃ£o significa ter felicidade instantÃ¢nea, mas sim acreditar que nem mesmo as noites mais obscuras irÃ£o impedir que a alegria chegue pela manhÃ£.",0,[]
1275749957413343239,2020-06-24 11:17:46,"Salvador, Brasil",RT @JoohnNutri: TEMOS QUE APRENDER A LIDAR COM NOSSAS INSEGURANÃ‡AS.O medo vai sempre existir. Ã‰ NATURAL.Ele sÃ³ nÃ£o pode te impedir de viverâ€¦,1,[]
1275749940170498048,2020-06-24 11:17:42,Curitiba/PR,"ğŸŒ Bom dia  Nem sempre a felicidade Ã© a expressÃ£o do que desejamos. Parece estranha essa afirmaÃ§Ã£o, mas estÃ¡ recheada de verdade. Somos quase cegos quando pensamos no que realmente Ã© bom para nÃ³s. Geralmente nosâ€¦ https://t.co/BdvxxWtCRv",0,[]
1275749916799897600,2020-06-24 11:17:37,bts = ğŸŒ       guinho â¤ï¸,"RT @poxaasi: aÃ­ mano eu amo tanto o hobi que me doe, ver ele sorrindo, brincando, fazendo coisas que ele gosta Ã© a minha felicidade pq eleâ€¦",54,[]
1275749912983060480,2020-06-24 11:17:36,,pessoas infeliz nÃ£o vai querer vÃª a sua felicidade . ğŸ˜,0,[]
1275749871048425474,2020-06-24 11:17:26,"Rio de Janeiro, Brasil","RT @freeOrochi: Corra o risco. Se der certo, felicidade. Se nÃ£o, sabedoria.",4596,[]
1275749869278412808,2020-06-24 11:17:25,"NiterÃ³i, Brasil","RT @freeOrochi: Corra o risco. Se der certo, felicidade. Se nÃ£o, sabedoria.",4596,[]
1275749841038172162,2020-06-24 11:17:19,"MacaÃ©, Brasil","RT @freeOrochi: Corra o risco. Se der certo, felicidade. Se nÃ£o, sabedoria.",4596,[]
1275749832192339968,2020-06-24 11:17:16,"BrasÃ­lia, Brasil","RT @FLeal22: Caralho, olha o semblante de felicidade ao conquistar o ""bÃ¡sico"" pra sobreviver. Meu Deus, pq eu reclamo tanto... ğŸ˜­ğŸ˜­",670,[]
1275749826324504576,2020-06-24 11:17:15,Rio de Janeiro ,"RT @FLeal22: Caralho, olha o semblante de felicidade ao conquistar o ""bÃ¡sico"" pra sobreviver. Meu Deus, pq eu reclamo tanto... ğŸ˜­ğŸ˜­",670,[]
1275749801167073282,2020-06-24 11:17:09,,"Aquele que se sente incomodado com a felicidade dos outros Ã© um infeliz.  Tal pessoa nÃ£o faz isso por maldade, ela apenas nÃ£o consegue entender o que Ã© esse sentimento. Quem nÃ£o sente a felicidade em si, nÃ£o a compreende nos outros.  Parece maldade, mas Ã© sÃ³ ignorÃ¢ncia. https://t.co/oWE0B1bTwN",0,[]
1275749799636189186,2020-06-24 11:17:09,,mamÃ£e me dando money p limpar a casa e cobrando do meu pai money dos meus remÃ©dios e consultas eu tÃ´ surtando de felicidade ğŸ™ğŸ¼,0,[]
1275749798923075584,2020-06-24 11:17:09,,"RT @freeOrochi: Corra o risco. Se der certo, felicidade. Se nÃ£o, sabedoria.",4596,[]
1275749793671925760,2020-06-24 11:17:07,"Ponta Delgada, Portugal","RT @freeOrochi: Corra o risco. Se der certo, felicidade. Se nÃ£o, sabedoria.",4596,[]
1275749788206739458,2020-06-24 11:17:06,Nos tempos da brilhantina,"RT @usedtokcc: oi gente me ajuda, quem me ajudar ganha a felicidade da crianÃ§a aqui https://t.co/x6bJ4AXUFH",1486,[]
1275749774352887808,2020-06-24 11:17:03,"Lisboa, Portugal","RT @victorjoaosb: se dinheiro nÃ£o trÃ¡s felicidade, queria estar tristÃ£o numa dessa aÃ­",69,[]
1275749745655287809,2020-06-24 11:16:56,Volta Redonda,"RT @freeOrochi: Corra o risco. Se der certo, felicidade. Se nÃ£o, sabedoria.",4596,[]
1275749731239694336,2020-06-24 11:16:52,ğ˜ğ˜…ğ˜,"RT @LIN0ART: O Felix gosta que chamem ele de sol, seu apelido Ã© Haengbok que quer dizer felicidade, seu nome em inglÃªs significa ""uma fonteâ€¦",105,[]
1275749721584414722,2020-06-24 11:16:50,brazil,"@LyndLinda Bom dia linda que a felicidade lhe persiga hoje e sempre Sei que es ocupada ,mas estou por aqui pode me enviar 1 sinal de fumaÃ§a ou coisa e tal hahahahahağŸ§â€â™€ï¸ğŸ‘ğŸ˜ğŸ˜³ğŸ˜˜ğŸ’˜ğŸ˜‚â™‹ï¸ğŸ‡§ğŸ‡·",0,[]
1275749687329464321,2020-06-24 11:16:42,,"Ela tÃ¡ tÃ£o lindinha! TÃ¡ irradiando felicidade, maÅŸallah! ğŸ’–ğŸ’« #DemetÃ–zdemir https://t.co/3qToqBx0kj",0,['DemetÃ–zdemir']
1275749666823561216,2020-06-24 11:16:37,Onde o GrÃªmio estiver!.,"A felicidade da minha turca, tudo pra mim ğŸ¥°",0,[]
1275749622997225474,2020-06-24 11:16:27,"Mariana, Minas Gerais","RT @FLeal22: Caralho, olha o semblante de felicidade ao conquistar o ""bÃ¡sico"" pra sobreviver. Meu Deus, pq eu reclamo tanto... ğŸ˜­ğŸ˜­",670,[]
1275749605821616129,2020-06-24 11:16:22,,"RT @freeOrochi: Corra o risco. Se der certo, felicidade. Se nÃ£o, sabedoria.",4596,[]
1275749594920558596,2020-06-24 11:16:20,Rio de Janeiro,RT @coutrim_layane: A gente vÃª que tÃ¡ ficando adulta quando a felicidade Ã© comprar coisas p casa. rsrs ğŸ¡â™¥ï¸,37,[]
1275749581217824768,2020-06-24 11:16:17,"Brooklyn, NY","Chuva de bÃªnÃ§Ã£o para essa mulher incrÃ­vel que eu tenho orgulho de chamar de mÃ£e â¤âœ¨ Mnh rainha, TD FELICIDADE DO MUNDO, VC MERECE, OBG POR TD, como mÃ£e n existe numeraÃ§Ã£o q possa dar pra vocÃª, e mesmo que eu dÃª sempre ficarÃ¡ faltando um nÃºmero, TE AMO ğŸ‘ğŸ¾ğŸ¥³â¤ Feliz aniversÃ¡rio ğŸ‰ https://t.co/0Y46EqG0wG",0,[]
1275749580009877510,2020-06-24 11:16:16,ğ‡ğğŒğ„ âˆ 04MYBESTFRIEND. carrds: formyanchor. beaurrea | noÎ±h. lÄ±lÎ±. Ä±vÑ‡. Î±mber. jÎ±den. hÎ±nnÎ±. Î±ngel. kÎ±tÄ±e. Î±llÑ‡. lucy. sÎ±bÄ±. bellÎ±. hÄ±nÎ±.Â ê’§,RT @trampolzne: 0303 a felicidade do joshitos.,1,[]
1275749577837228033,2020-06-24 11:16:16,complexo do g8ğŸš©,"RT @FLeal22: Caralho, olha o semblante de felicidade ao conquistar o ""bÃ¡sico"" pra sobreviver. Meu Deus, pq eu reclamo tanto... ğŸ˜­ğŸ˜­",670,[]
1275749575408656385,2020-06-24 11:16:15,Belo Horizonte,"RT @soulanja: Hoje, aos 35 anos chorei por uma hora de felicidade, por ter feito as compras que sempre sonhei dar pra minha mÃ£e, e paguei câ€¦",112,[]
1275749552440725504,2020-06-24 11:16:10,Porto,"RT @freeOrochi: Corra o risco. Se der certo, felicidade. Se nÃ£o, sabedoria.",4596,[]
1275749547365609472,2020-06-24 11:16:09,,"RT @SabioCorvinal: Eu no final de 2019: 2020 vai ser um ano de muita felicidade, alegria e paz.  2020 atÃ© agora:  Quase 3Â° Guerra Mundialâ€¦",1,[]
1275749547285917696,2020-06-24 11:16:09,,"RT @freeOrochi: Corra o risco. Se der certo, felicidade. Se nÃ£o, sabedoria.",4596,[]
1275749518127050753,2020-06-24 11:16:02,Brazil - ES,"""Milhares de velas podem ser acesas de uma Ãºnica vela e a vida da vela nÃ£o serÃ¡ encurtada.  Felicidade nunca diminui ao ser compartilhada.""  (Buda)#kytannaf #institutosacmis https://t.co/dE2em2ptCJ",0,"['kytannaf', 'institutosacmis']"
1275749513047814145,2020-06-24 11:16:00,Algarve,A minha felicidade durou pouco tempo,0,[]
1275749490348171265,2020-06-24 11:15:55,,"to quase terminando tlou 10/10 atÃ© o momento, n tem um minuto de paz e felicidade, tava preparado n bicho",0,[]
1275749453715124229,2020-06-24 11:15:46,"SÃ£o Paulo, Brasil",RT @louisogoldenx: 18. Ele explodindo de felicidade com o pessoal cantando em plenos pulmÃµes Always You https://t.co/CUtrwCzMDb,162,[]
1275749442046525440,2020-06-24 11:15:43,"Brasil, BrasÃ­lia ","Para namorar comigo tem que ter plano de saÃºde, porque a pessoa vai morrer de felicidade",0,[]
1275749437730627585,2020-06-24 11:15:42,,"RT @Nicoleandrxx: VocÃªs adoram crÃ­ticar as pessoas por tudo. A vida Ã© minha e nem posso vive-lÃ¡ como quero, aparece sempre alguem para fazeâ€¦",14,[]
1275749432894664709,2020-06-24 11:15:41,Portugal,"RT @alanaddsousa: vocÃªs tÃªm que normalizar a amizade entre exâ€™s, o meu ex Ã© mm uma pessoa incrÃ­vel, sÃ³ que veio no momento errado da mnh viâ€¦",11,[]
1275749416813629445,2020-06-24 11:15:37,,"Quando nÃ£o souber o que pedir, peÃ§a felicidade! BOM DIA ğŸ’¥",0,[]
1275749413034622976,2020-06-24 11:15:37,Turano,"RT @moFitaz: Poder ver a felicidade dela e dessas 2 crianÃ§as ao ter alimento na mesa, foi sem duvidas gratificante, ouvir o garoto gritandoâ€¦",248,[]
1275749411545657345,2020-06-24 11:15:36,,"@Aysllancam NÃ£o desista de Deus em razÃ£o das coisas do mundo, essa Ã© a pior decisÃ£o que vocÃª tomarÃ¡ na sua vida! Pense na salvaÃ§Ã£o, na vida eterna, na felicidade plena nos cÃ©us, essa Ã© a recompensa que vocÃª deve buscar, e nÃ£o comentÃ¡rios positivos de pessoas mundanas! ForÃ§a!!!",0,[]
1275749348043886598,2020-06-24 11:15:21,serocity,"RT @Tupacfalando: Corra o risco. Se der certo, felicidade. Se nÃ£o, sabedoria.",2433,[]
1275749346286411777,2020-06-24 11:15:21,,"Nem todo sorriso Ã© sinÃ´nimo de felicidade, quem estampa sorriso nem sempre estÃ¡ feliz... ğŸ¤¡",0,[]
1275749308101517313,2020-06-24 11:15:11,,"RT @freeOrochi: Corra o risco. Se der certo, felicidade. Se nÃ£o, sabedoria.",4596,[]
1275749299872301056,2020-06-24 11:15:10,"GoiÃ¢nia, GoiÃ¡s","RT @freeOrochi: Corra o risco. Se der certo, felicidade. Se nÃ£o, sabedoria.",4596,[]
1275749253286187008,2020-06-24 11:14:58,â€¢. âˆ— * armycat * âˆ— .â€¢ ,"RT @poxaasi: aÃ­ mano eu amo tanto o hobi que me doe, ver ele sorrindo, brincando, fazendo coisas que ele gosta Ã© a minha felicidade pq eleâ€¦",54,[]
1275749247372140546,2020-06-24 11:14:57,,"RT @freeOrochi: Corra o risco. Se der certo, felicidade. Se nÃ£o, sabedoria.",4596,[]
1275749219605917698,2020-06-24 11:14:50,"GoiÃ¢nia, Brasil",@renato__lucas poxa amigo n posso te proporcionar um romance se nÃ£o vc morreria de felicidade ğŸ˜”âœŒğŸ»,0,[]
1275749167885885441,2020-06-24 11:14:38,na sua casa,"RT @FLeal22: Caralho, olha o semblante de felicidade ao conquistar o ""bÃ¡sico"" pra sobreviver. Meu Deus, pq eu reclamo tanto... ğŸ˜­ğŸ˜­",670,[]
1275749153960865793,2020-06-24 11:14:35,,"RT @freeOrochi: Corra o risco. Se der certo, felicidade. Se nÃ£o, sabedoria.",4596,[]
1275749148701179904,2020-06-24 11:14:33,"EspÃ­rito Santo, Brasil","RT @Tupacfalando: Corra o risco. Se der certo, felicidade. Se nÃ£o, sabedoria.",2433,[]
1275749127914209282,2020-06-24 11:14:29,GoiÃ¢nia ,"@sabrina_mtns @VtorBernardo3 lindooos, toda a felicidade do mundo pra vocÃªs dois, que Deus abenÃ§oe muito â¤ï¸â¤ï¸â¤ï¸",0,[]
1275749114505035777,2020-06-24 11:14:25,ğŸ”† OT7 | OT9 ,comentei um monte de coisa no cover jongdae merece toda a felicidade do mundo :(((,0,[]
1275749103130066944,2020-06-24 11:14:23,Onde o GrÃªmio estiver!.,RT @heytherebettys: A energia e a felicidade de quem tÃ¡ indo fazer o que ama! ğŸ˜ƒâ¤ #DemetÃ–zdemir https://t.co/oSnqasXbAh,3,['DemetÃ–zdemir']
1275749099107688450,2020-06-24 11:14:22,ItaipuaÃ§Ãº,"RT @Taynna69: Custa R$0,00 da rt pra divulgar o trabalho da amiga aqui. Funcionamos de terÃ§a a domingo dÃ¡s 18h Ã s 00h e entregamos (copo daâ€¦",113,[]
1275749061744832512,2020-06-24 11:14:13,"Brooklyn, NY","Como toda felicidade e passageira, nenhum sofrimento serÃ¡ eterno!ğŸ‘ŒğŸ¾                    bom diaâ˜€ï¸",1,[]
1275749045617733632,2020-06-24 11:14:09,"Campinas, Brasil","RT @FLeal22: Caralho, olha o semblante de felicidade ao conquistar o ""bÃ¡sico"" pra sobreviver. Meu Deus, pq eu reclamo tanto... ğŸ˜­ğŸ˜­",670,[]
1275749005134184449,2020-06-24 11:13:59,â†¬ğŸŸ â‚â‚‡â‚€â‚ƒâ‚‚â‚€â‚Šâ‚â‚‰â‚€â‚…â‚‚â‚†â‚Šâ‚â‚‰â‚€â‚‚â‚€â‚‚.â‚€â‚‚â‚€â‚ƒ,"feliz aniversÃ¡rio para uma das melhores pessoas que ja tive a felicidade de conhecer aqui no tt e a sorte de nÃ£o sÃ³ me encontrar contigo mas tambÃ©m passar os melhores dias da minha vida ao seu lado, obrigada por cada momento e espero que a gnt possa se ver logo @semmiroses ğŸ¥ºğŸ’œ https://t.co/WgrYkQQdqN",0,[]
1275748977753948161,2020-06-24 11:13:53,,"@stefannysouza_ Kkkkkkkkkkk aÃ­ seria muita felicidade pra vc, mas jÃ¡ morei no fim do mundo uma vez quero denovo nÃ£o ğŸ¤£ğŸ¤£ğŸ¤£",0,[]
1275748968354512896,2020-06-24 11:13:50,"SÃ£o Paulo, Brasil","Bom dia!!!  Siga em frente, busque seu sucesso e sua felicidade independente do que te disserem!!  #vocÃªmereceserfeliz #vocÃªnasceuparabrilhar #sucesso #nÃ£odesista #sigaseusonho #faÃ§aplanos #conquiste #realize #vocÃªquer #vocÃªpode #saudemental #saudeemocional https://t.co/iRhJN4ZMUp",0,"['vocÃªmereceserfeliz', 'vocÃªnasceuparabrilhar', 'sucesso', 'nÃ£odesista', 'sigaseusonho', 'faÃ§aplanos', 'conquiste', 'realize', 'vocÃªquer', 'vocÃªpode', 'saudemental', 'saudeemocional']"
1275748956031483904,2020-06-24 11:13:48,"AraguaÃ­na, Brasil","Nascer Ã© milagre, estar vivo Ã© presente, ter saÃºde Ã© benÃ§Ã£o, viver em paz Ã© felicidade.  VocÃª jÃ¡ se deu conta disso? BOM DIA, ARAGUAÃNA... â¤ï¸ğŸ™ğŸ½ğŸŒ  #NossaAraguaÃ­na #AraguaÃ­na #Tocantins #NovoDia #BomDia #UseMÃ¡scara #FicaEmCasa #VaiPassar https://t.co/nRymirRnBp",1,"['NossaAraguaÃ­na', 'AraguaÃ­na', 'Tocantins', 'NovoDia', 'BomDia', 'UseMÃ¡scara', 'FicaEmCasa', 'VaiPassar']"
1275748940999266305,2020-06-24 11:13:44,"SÃ£o Paulo, Brasil","LAST LAMENT PORRA!!!!!  CHEGOU MINHA HORA DE BRILHAR, AMEN HAPPY ELEMENTS!!!!!  VAMO MIKA, AIN MINHA BUNDA WUE FELICIDADE",0,[]
1275748929712336899,2020-06-24 11:13:41,"Rio do Sul, Brasil","RT @freeOrochi: Corra o risco. Se der certo, felicidade. Se nÃ£o, sabedoria.",4596,[]
1275748913060950017,2020-06-24 11:13:37,Londres,"Iphoners falando do IOS 14 e eu tenho apenas uma (1) felicidade no meu dia que Ã©: Android 10 chegou aqui, amÃ©m???",0,[]
1275748895637864450,2020-06-24 11:13:33,,"RT @tuitaamanda: eu to emocionada Ã© triste ver o jeito que eles se veem, imagina a felicidade que eles sentem ao perceberem que nÃ£o sÃ£o totâ€¦",19,[]
1275748892143951877,2020-06-24 11:13:32,"Passo Fundo, Brasil","Apareceu minha internet voltando neah, jÃ¡ soltei um berro de felicidade..depois disso, caiu de novo Internet, pare de gracinha e volta pra mim",0,[]
1275748884271300608,2020-06-24 11:13:30,,"@Reyzon_99 VocÃª merece ser amado e ter a chance de amar, isso Ã© tudo. Toda felicidade do mundo ainda Ã© pouca pro que desejo p vc. ParabÃ©nsâ¤â¤",0,[]
1275748881398214657,2020-06-24 11:13:30,"VitÃ³ria, Brasil","E ela, que invadiu minha vida e de repente as coisas comeÃ§aram a dar certo?! As impossÃ­veis passaram a acontecer e a felicidade virou uma rotina que nÃ£o enjoa ğŸ˜Š Agora magina se a gente fizesse uma dulplinha nesse jogo...  ...da vida ğŸ˜",0,[]
1275748869431873537,2020-06-24 11:13:27,"Brooklyn, NY","RT @fxrjulia: quero apenas um dia poder viver um mar de felicidade, com alguÃ©m que me ame de verdade",11,[]
1275748821314818049,2020-06-24 11:13:15,Na Minha Casa ,"RT @freeOrochi: Corra o risco. Se der certo, felicidade. Se nÃ£o, sabedoria.",4596,[]
